,Order Date,AIR CARE,AIR CONDITIONER SERVICE,AUDIO,AUDIO ENHANCEMENT,CNP IT,CNP MOBILITY,CONSUMABLES,COOKING APPLIANCES,DC / STORE CONSUMABLES,DESKTOP,DISHWASHER SERVICE,ENTERTAINMENT PROMOTION,ERECHARGE,FANS,FOOD PRESERVATION,GAMING ACCESSORY,HARDWARE HA,HARDWARE MOBILITY,HIGH END TV,HOME APPLIANCES PROMOTION,HOME AUDIO SERVICE,HOME CARE SERVICE,HOME VISUAL SERVICE,LAPTOP,LAUNDRY & WASH CARE,LIFESTYLE IT,LIFESTYLE MOBILITY,LIGHTING,MEDIAPLAYER,MUSICAL INSTRUMENTS (POWERED),Mobility (Jio Branded),PERIPHERAL,PHOTOGRAPHY,PHOTOGRAPHY WEARABLE,POWER,POWER ENTERTAINMENT,POWER HA,PRINTER,Printer Services,REFRIGERATOR SERVICE,SMALL DOMESTIC APPL,SMART HOME DEVICES,SOFTWARE,STORAGE,TABLET,TABLET SERVICE,TECH ACCESSORIES IT,TECH ACCESSORIES MOBILITY,TELECOM SERVICE,WASHER SERVICE,WEARABLE DEVICE,WEARABLES SERVICE,WIRELESS PHONE,WIRELESS PHONE SERVICE
0,2021-10-06,0.0,0.0,0.0,5197.0,0.0,0.0,0.0,0.0,0.0,0.0,0.0,0.0,0.0,0.0,0.0,0.0,0.0,0.0,0.0,0.0,0.0,0.0,0.0,0.0,0.0,0.0,0.0,0.0,0.0,0.0,0.0,0.0,0.0,0.0,0.0,0.0,0.0,0.0,0.0,0.0,0.0,0.0,0.0,0.0,0.0,0.0,0.0,0.0,0.0,0.0,0.0,0.0,0.0,0.0
1,2021-10-07,0.0,0.0,0.0,0.0,0.0,0.0,0.0,0.0,0.0,0.0,0.0,0.0,0.0,0.0,0.0,0.0,0.0,0.0,44381.0,0.0,0.0,0.0,48097.2,0.0,0.0,0.0,0.0,0.0,0.0,0.0,0.0,0.0,0.0,0.0,0.0,0.0,0.0,0.0,0.0,0.0,0.0,0.0,0.0,0.0,0.0,0.0,0.0,0.0,0.0,0.0,0.0,0.0,0.0,0.0
2,2021-10-08,0.0,0.0,0.0,1999.0,0.0,0.0,0.0,0.0,0.0,0.0,0.0,0.0,0.0,0.0,0.0,0.0,0.0,0.0,0.0,0.0,0.0,0.0,0.0,0.0,0.0,0.0,0.0,791.0,0.0,0.0,0.0,0.0,0.0,0.0,0.0,0.0,0.0,0.0,0.0,0.0,0.0,0.0,0.0,0.0,0.0,0.0,0.0,0.0,0.0,0.0,0.0,0.0,0.0,0.0
3,2021-10-09,0.0,0.0,0.0,0.0,0.0,0.0,0.0,0.0,0.0,0.0,0.0,0.0,0.0,0.0,0.0,0.0,0.0,0.0,0.0,0.0,0.0,0.0,0.0,0.0,0.0,0.0,0.0,0.0,0.0,0.0,0.0,0.0,0.0,0.0,0.0,0.0,0.0,0.0,0.0,0.0,0.0,0.0,0.0,0.0,0.0,0.0,0.0,0.0,0.0,0.0,0.0,0.0,0.0,0.0
4,2021-10-10,0.0,0.0,0.0,0.0,0.0,0.0,0.0,0.0,0.0,0.0,0.0,0.0,0.0,0.0,0.0,0.0,0.0,0.0,0.0,0.0,0.0,0.0,0.0,0.0,0.0,0.0,0.0,0.0,0.0,0.0,0.0,0.0,0.0,0.0,0.0,0.0,0.0,0.0,0.0,0.0,0.0,0.0,0.0,0.0,0.0,0.0,0.0,0.0,0.0,0.0,0.0,0.0,0.0,0.0
5,2021-10-11,0.0,0.0,0.0,5998.0,0.0,0.0,0.0,0.0,0.0,0.0,0.0,0.0,0.0,0.0,19981.0,0.0,0.0,0.0,0.0,0.0,0.0,0.0,0.0,0.0,0.0,0.0,0.0,0.0,0.0,0.0,0.0,0.0,0.0,0.0,0.0,0.0,0.0,0.0,0.0,0.0,499.0,0.0,0.0,0.0,0.0,0.0,0.0,0.0,0.0,0.0,0.0,0.0,0.0,0.0
6,2021-10-12,0.0,0.0,0.0,58679.0,0.0,0.0,0.0,0.0,0.0,0.0,0.0,0.0,0.0,0.0,0.0,0.0,0.0,0.0,0.0,0.0,0.0,0.0,0.0,0.0,0.0,0.0,0.0,0.0,0.0,0.0,0.0,0.0,0.0,0.0,2397.0,0.0,0.0,0.0,0.0,0.0,11345.0,0.0,0.0,0.0,0.0,0.0,0.0,0.0,0.0,0.0,0.0,0.0,0.0,0.0
7,2021-10-13,0.0,0.0,0.0,101791.0,0.0,0.0,0.0,0.0,0.0,0.0,0.0,0.0,0.0,0.0,0.0,0.0,0.0,0.0,0.0,0.0,0.0,0.0,0.0,0.0,0.0,0.0,0.0,0.0,0.0,0.0,0.0,799.0,0.0,0.0,36060.0,0.0,0.0,0.0,0.0,0.0,16047.0,0.0,0.0,0.0,0.0,0.0,0.0,0.0,0.0,0.0,8198.0,0.0,0.0,0.0
8,2021-10-14,0.0,0.0,0.0,72558.0,0.0,0.0,0.0,0.0,0.0,0.0,0.0,0.0,0.0,0.0,22981.0,0.0,0.0,0.0,0.0,0.0,0.0,0.0,0.0,0.0,0.0,0.0,0.0,408.0,0.0,0.0,0.0,799.0,0.0,0.0,21383.0,199.0,0.0,0.0,0.0,0.0,38974.0,0.0,0.0,199.0,0.0,0.0,0.0,0.0,0.0,0.0,3399.0,0.0,411724.0,0.0
9,2021-10-15,0.0,0.0,0.0,80456.0,399.0,0.0,0.0,0.0,0.0,0.0,0.0,0.0,0.0,0.0,49981.0,0.0,0.0,0.0,31999.0,0.0,0.0,0.0,1.2,189998.0,0.0,0.0,499.0,0.0,0.0,0.0,0.0,559.0,0.0,0.0,20984.0,918.0,0.0,0.0,0.0,0.0,66521.0,0.0,0.0,0.0,29999.0,0.0,0.0,0.0,0.0,0.0,7999.0,0.0,826448.0,0.0
10,2021-10-16,0.0,0.0,0.0,179601.0,0.0,0.0,1079.0,27981.0,0.0,0.0,0.0,0.0,0.0,0.0,177962.0,0.0,0.0,0.0,0.0,0.0,0.0,1.2,0.0,175998.0,67962.0,0.0,0.0,645.0,11998.0,0.0,0.0,5195.0,0.0,0.0,54786.0,199.0,0.0,48398.0,0.0,0.0,88544.0,999.0,0.0,14794.0,166647.0,0.0,0.0,0.0,2.04,1.2,0.0,0.0,1004970.0,22099.0
11,2021-10-17,0.0,0.0,0.0,63075.0,0.0,0.0,2517.0,0.0,0.0,0.0,0.0,0.0,0.0,0.0,59962.0,0.0,0.0,0.0,19181.0,0.0,0.0,0.0,1.2,83599.0,0.0,0.0,0.0,238.0,0.0,0.0,0.0,0.0,0.0,0.0,4600.0,719.0,0.0,0.0,0.0,0.0,19040.0,5599.0,0.0,1498.0,0.0,0.0,0.0,0.0,1.02,0.0,0.0,0.0,807381.0,0.0
12,2021-10-18,0.0,0.0,0.0,277700.0,399.0,199.0,0.0,11981.0,12.0,0.0,0.0,0.0,0.0,1999.0,0.0,0.0,0.0,0.0,47962.0,0.0,0.0,0.0,2.4,416996.0,150924.0,0.0,199.0,2933.0,0.0,0.0,0.0,8712.0,0.0,0.0,66649.0,199.0,0.0,0.0,0.0,0.0,139813.0,0.0,0.0,21466.0,0.0,0.0,5198.0,1194.0,3.06,875.9,25595.0,0.0,958872.0,0.0
13,2021-10-19,0.0,0.0,0.0,393410.0,0.0,1096.0,0.0,0.0,0.0,0.0,0.0,0.0,0.0,0.0,49962.0,0.0,0.0,701.0,113979.0,0.0,0.0,0.0,2.4,196996.0,0.0,0.0,0.0,2024.0,0.0,0.0,0.0,4015.0,0.0,0.0,35571.0,719.0,0.0,0.0,0.0,0.0,150621.0,1599.0,0.0,4417.0,53496.0,0.0,0.0,798.0,2.04,0.0,3999.0,0.0,1688676.0,0.0
14,2021-10-20,0.0,0.0,17381.0,364620.0,0.0,597.0,0.0,0.0,0.0,0.0,0.0,0.0,0.0,0.0,0.0,0.0,0.0,0.0,212994.0,0.0,0.0,0.0,2.4,0.0,20581.0,1999.0,0.0,2279.0,0.0,0.0,0.0,9709.0,0.0,0.0,51885.0,199.0,0.0,0.0,0.0,0.0,65849.0,0.0,0.0,2917.0,19999.0,0.0,3998.0,2336.0,0.0,0.0,98999.0,0.0,994912.0,0.0
15,2021-10-21,73981.0,2833.0,12399.0,235305.0,0.0,398.0,0.0,0.0,3.0,0.0,0.0,0.0,0.0,0.0,23981.0,0.0,0.0,0.0,94961.0,0.0,0.0,0.0,3.6,91999.0,27981.0,0.0,0.0,3575.0,0.0,7591.0,0.0,2277.0,115999.0,0.0,58747.0,0.0,0.0,0.0,0.0,301.0,64006.0,5599.0,0.0,3017.0,0.0,0.0,0.0,199.0,0.0,1.2,111800.0,0.0,638566.0,0.0
16,2021-10-22,0.0,0.0,0.0,336810.0,0.0,698.0,0.0,0.0,0.0,0.0,0.0,0.0,0.0,2999.0,94943.0,0.0,0.0,0.0,59998.0,0.0,0.0,0.0,2.4,192398.0,15981.0,3998.0,0.0,4214.0,0.0,0.0,0.0,4775.0,0.0,0.0,79828.0,199.0,0.0,0.0,0.0,1.2,107187.0,0.0,0.0,5455.0,0.0,0.0,799.0,199.0,0.0,301.0,116999.0,0.0,1415663.0,0.0
17,2021-10-23,0.0,0.0,3999.0,372050.0,0.0,199.0,0.0,0.0,0.0,0.0,0.0,0.0,0.0,0.0,57962.0,0.0,0.0,0.0,178977.0,0.0,0.0,0.0,6.0,0.0,68943.0,7996.0,0.0,6811.0,0.0,0.0,0.0,2856.0,161999.0,0.0,81529.0,398.0,0.0,35998.0,0.0,1.2,165164.0,0.0,0.0,9933.0,117996.0,0.0,0.0,398.0,0.0,302.2,30793.0,0.0,2386765.0,0.0
18,2021-10-24,0.0,0.0,35979.0,89249.0,0.0,0.0,0.0,0.0,0.0,0.0,0.0,0.0,0.0,0.0,0.0,0.0,0.0,0.0,87998.0,0.0,0.0,0.0,2.4,0.0,74943.0,0.0,0.0,874.0,0.0,0.0,0.0,1058.0,0.0,0.0,18982.0,0.0,0.0,0.0,0.0,0.0,59597.0,0.0,0.0,0.0,143601.0,0.0,0.0,0.0,0.0,3.6,17396.0,0.0,1364704.0,0.0
19,2021-10-25,0.0,0.0,5001.0,739775.0,0.0,0.0,0.0,23181.0,0.0,0.0,0.0,0.0,0.0,0.0,0.0,99981.0,0.0,0.0,273355.0,0.0,0.0,1.2,10.8,116999.0,27981.0,0.0,0.0,5325.0,0.0,0.0,0.0,6596.0,0.0,0.0,70145.0,1117.0,0.0,15999.0,0.0,0.0,186633.0,6598.0,0.0,18049.0,165994.0,0.0,6198.0,0.0,0.0,1.2,5199.0,0.0,2188308.0,0.0
20,2021-10-26,61981.0,2833.0,3999.0,573498.0,0.0,0.0,0.0,0.0,0.0,0.0,0.0,0.0,0.0,2999.0,25981.0,0.0,0.0,0.0,634949.0,0.0,0.0,2.4,15.6,69999.0,121905.0,9995.0,499.0,6051.0,0.0,7591.0,0.0,6315.0,0.0,0.0,101504.0,1117.0,0.0,0.0,0.0,1.2,216346.0,0.0,0.0,4476.0,0.0,0.0,3398.0,597.0,0.0,3.6,18196.0,0.0,2216085.0,0.0
21,2021-10-27,68981.0,2833.0,20997.0,468403.0,0.0,0.0,0.0,0.0,0.0,0.0,0.0,0.0,0.0,0.0,185486.0,0.0,0.0,0.0,431170.0,0.0,0.0,2.4,13.2,0.0,375010.0,3998.0,0.0,5374.0,0.0,0.0,0.0,4996.0,0.0,0.0,84518.0,1299.0,0.0,57198.0,0.0,302.2,214233.0,0.0,0.0,7012.0,95800.0,0.0,1599.0,998.0,0.0,8.4,36992.0,0.0,3711263.0,0.0
22,2021-10-28,0.0,0.0,50980.0,458274.0,0.0,0.0,619.0,0.0,6.0,0.0,0.0,0.0,0.0,0.0,0.0,0.0,0.0,201.0,560131.0,0.0,0.0,2.4,16.8,87999.0,264848.0,5997.0,0.0,5561.0,0.0,0.0,0.0,2876.0,0.0,0.0,79128.0,1836.0,0.0,57198.0,0.0,0.0,252895.0,0.0,0.0,6237.0,45998.0,0.0,2598.0,499.0,0.0,303.4,29993.0,0.0,3618808.0,0.0
23,2021-10-29,0.0,0.0,29980.0,349952.0,399.0,0.0,0.0,21319.0,0.0,0.0,0.0,0.0,0.0,0.0,158924.0,0.0,0.0,0.0,541931.0,0.0,1.2,2.4,16.8,129999.0,349410.0,1999.0,0.0,4328.0,0.0,0.0,0.0,2217.0,0.0,0.0,77497.0,1418.0,0.0,0.0,0.0,3.6,256115.0,5999.0,0.0,1998.0,52998.0,0.0,0.0,398.0,0.0,308.2,68176.0,0.0,3679327.0,0.0
24,2021-10-30,0.0,0.0,32996.0,612981.0,0.0,0.0,0.0,0.0,0.0,0.0,0.0,0.0,0.0,0.0,392867.0,0.0,0.0,0.0,792053.0,0.0,0.0,2.4,27.6,682994.0,446534.0,0.0,0.0,3735.0,4799.0,0.0,0.0,8012.0,0.0,0.0,101903.0,1698.0,2799.0,65397.0,0.0,4.8,344122.0,11198.0,0.0,2298.0,100997.0,0.0,0.0,459.0,0.0,12.0,63185.0,0.0,4303470.0,0.0
25,2021-10-31,0.0,0.0,20998.0,272947.0,0.0,0.0,0.0,71837.0,0.0,0.0,0.0,0.0,0.0,2999.0,138705.0,0.0,0.0,0.0,498113.0,0.0,0.0,4.8,15.6,197998.0,126105.0,0.0,499.0,1421.0,5999.0,0.0,0.0,6375.0,0.0,0.0,17663.0,199.0,0.0,28599.0,0.0,2.4,188865.0,0.0,0.0,0.0,105800.0,0.0,0.0,0.0,0.0,305.8,121793.0,0.0,2572617.0,0.0
26,2021-11-01,88780.0,5666.0,0.0,496413.0,0.0,0.0,0.0,9981.0,0.0,0.0,0.0,0.0,0.0,0.0,341010.0,0.0,0.0,0.0,935952.0,0.0,0.0,3.6,28.8,277997.0,306791.0,0.0,0.0,3229.0,7198.0,0.0,0.0,3158.0,61999.0,0.0,42363.0,199.0,0.0,37998.0,0.0,608.0,201436.0,0.0,0.0,3816.0,118996.0,0.0,5198.0,0.0,0.0,9.6,54789.0,0.0,2786783.0,0.0
27,2021-11-02,0.0,0.0,48978.0,353586.0,0.0,0.0,2445.0,46498.0,0.0,0.0,0.0,0.0,2845.0,0.0,512696.0,0.0,0.0,0.0,1241745.0,0.0,1.2,4.8,26.4,427995.0,374610.0,1999.0,0.0,1211.0,3599.0,0.0,12999.0,0.0,0.0,0.0,39572.0,719.0,0.0,28599.0,0.0,615.2,214443.0,5599.0,0.0,8058.0,71998.0,0.0,0.0,0.0,0.0,8.4,30393.0,0.0,3623915.0,0.0
28,2021-11-03,0.0,0.0,22998.0,301821.0,0.0,199.0,0.0,26699.0,0.0,0.0,0.0,0.0,12129.0,0.0,422791.0,0.0,0.0,0.0,541949.0,0.0,0.0,1.2,15.6,786993.0,396353.0,3998.0,0.0,712.0,0.0,0.0,12999.0,0.0,0.0,0.0,24978.0,719.0,0.0,38799.0,0.0,12.0,74801.0,1399.0,0.0,0.0,86997.0,0.0,799.0,0.0,0.0,313.0,94197.0,0.0,2489137.0,0.0
29,2021-11-04,0.0,0.0,41800.0,113594.0,0.0,0.0,0.0,19999.0,0.0,0.0,0.0,0.0,0.0,0.0,94943.0,0.0,0.0,0.0,487915.0,0.0,0.0,1.2,14.4,0.0,47962.0,0.0,0.0,791.0,0.0,0.0,0.0,27366.0,0.0,0.0,12188.0,0.0,0.0,8199.0,0.0,602.0,92552.0,0.0,0.0,0.0,61801.0,0.0,0.0,0.0,0.0,2.4,10595.0,0.0,2102404.0,0.0
30,2021-11-05,53981.0,2833.0,10773.0,114940.0,0.0,0.0,0.0,51397.0,0.0,0.0,0.0,0.0,0.0,0.0,178886.0,0.0,0.0,0.0,594914.0,0.0,0.0,3.6,13.2,220998.0,237848.0,0.0,0.0,554.0,0.0,0.0,0.0,0.0,0.0,0.0,8991.0,0.0,0.0,93896.0,0.0,1.2,97562.0,5599.0,0.0,17199.0,0.0,0.0,0.0,0.0,0.0,6.0,9998.0,0.0,1781337.0,0.0
31,2021-11-06,0.0,0.0,0.0,134248.0,0.0,199.0,0.0,10699.0,0.0,0.0,1.2,0.0,0.0,0.0,235867.0,0.0,0.0,0.0,216994.0,0.0,0.0,1.2,6.0,101999.0,311829.0,1999.0,0.0,237.0,0.0,0.0,0.0,0.0,0.0,0.0,23391.0,0.0,0.0,29499.0,0.0,7.199999999999999,56972.0,0.0,0.0,0.0,78800.0,0.0,0.0,0.0,0.0,305.8,20197.0,0.0,1458450.0,0.0
32,2021-11-07,0.0,0.0,5001.0,111962.0,0.0,0.0,0.0,0.0,0.0,0.0,0.0,0.0,0.0,0.0,242871.0,99981.0,0.0,0.0,145977.0,6737.0,0.0,1.2,4.8,0.0,217886.0,0.0,0.0,0.0,0.0,0.0,0.0,0.0,0.0,0.0,8991.0,899.0,0.0,33999.0,0.0,303.4,98039.0,0.0,0.0,10698.0,156947.0,0.0,0.0,0.0,0.0,4.8,0.0,0.0,1554525.0,0.0
33,2021-11-08,73981.0,2833.0,28999.0,10550.0,0.0,0.0,0.0,0.0,0.0,0.0,0.0,0.0,0.0,0.0,150886.0,0.0,0.0,0.0,751890.0,0.0,0.0,2.4,20.4,134999.0,192686.0,0.0,0.0,1201.0,0.0,0.0,0.0,2098.0,0.0,0.0,17983.0,0.0,0.0,69396.0,0.0,2.4,154061.0,0.0,0.0,0.0,35999.0,0.0,0.0,0.0,0.0,305.8,15198.0,0.0,1434365.0,0.0
34,2021-11-09,0.0,0.0,0.0,34817.0,0.0,0.0,0.0,22701.0,0.0,0.0,0.0,0.0,0.0,2999.0,116905.0,199962.0,0.0,0.0,302700.0,0.0,0.0,1.2,10.8,330998.0,166886.0,0.0,0.0,1420.0,0.0,0.0,0.0,2599.0,0.0,0.0,17982.0,199.0,0.0,47198.0,0.0,305.8,85838.0,0.0,0.0,0.0,0.0,0.0,0.0,299.0,0.0,6.0,20397.0,0.0,1563721.0,0.0
35,2021-11-10,53981.0,1181.0,41961.0,145703.0,0.0,0.0,0.0,0.0,0.0,0.0,0.0,0.0,40132.0,0.0,74943.0,99981.0,0.0,0.0,143942.0,0.0,1.2,0.0,3.6,300997.0,227886.0,0.0,0.0,1012.0,0.0,0.0,116991.0,3097.0,0.0,0.0,10989.0,0.0,0.0,0.0,0.0,3.6,92452.0,0.0,0.0,599.0,0.0,0.0,0.0,1300.0,0.0,4.8,7999.0,0.0,2890245.0,0.0
36,2021-11-11,0.0,0.0,0.0,78257.0,0.0,0.0,1299.0,0.0,0.0,0.0,0.0,0.0,200064.0,0.0,86924.0,11981.0,0.0,0.0,392240.0,0.0,0.0,601.0,7.199999999999999,325597.0,29981.0,0.0,0.0,1512.0,0.0,0.0,1390893.0,2799.0,117981.0,0.0,26742.0,0.0,0.0,13999.0,0.0,4.8,84659.0,2798.0,0.0,1399.0,19999.0,0.0,0.0,0.0,0.0,1.2,7999.0,0.0,2218211.0,0.0
37,2021-11-12,55981.0,2833.0,0.0,75533.0,0.0,0.0,0.0,22701.0,0.0,0.0,0.0,0.0,85918.0,0.0,189867.0,99981.0,0.0,0.0,97961.0,6737.0,0.0,1.2,3.6,0.0,152705.0,0.0,0.0,395.0,0.0,0.0,883932.0,1999.0,87999.0,0.0,15984.0,0.0,0.0,61997.0,0.0,6.0,75570.0,0.0,0.0,3398.0,0.0,0.0,0.0,0.0,0.0,3.6,310995.0,0.0,1691168.0,0.0
38,2021-11-13,0.0,0.0,0.0,80226.0,0.0,0.0,0.0,0.0,0.0,0.0,0.0,0.0,323831.0,0.0,223848.0,0.0,0.0,0.0,326959.0,0.0,0.0,0.0,6.0,81999.0,71743.0,0.0,0.0,378.0,0.0,0.0,16807707.0,2599.0,0.0,0.0,7992.0,0.0,0.0,32998.0,0.0,307.0,108362.0,5799.0,0.0,0.0,212001.0,0.0,0.0,0.0,0.0,302.2,118595.0,0.0,1748390.0,0.0
39,2021-11-14,0.0,0.0,0.0,38517.0,0.0,0.0,0.0,0.0,0.0,0.0,0.0,0.0,0.0,0.0,21981.0,0.0,0.0,0.0,106979.0,0.0,0.0,0.0,2.4,0.0,0.0,0.0,0.0,79.0,0.0,0.0,545958.0,2799.0,0.0,0.0,5994.0,0.0,0.0,9399.0,0.0,1.2,41521.0,0.0,0.0,0.0,40999.0,0.0,0.0,0.0,0.0,0.0,97800.0,0.0,694913.0,0.0
40,2021-11-15,0.0,0.0,50998.0,94263.0,0.0,0.0,0.0,0.0,0.0,0.0,0.0,0.0,124479.0,0.0,63981.0,59981.0,0.0,0.0,434937.0,0.0,1.2,2.4,9.6,87999.0,50762.0,0.0,0.0,1584.0,0.0,0.0,9996231.0,559.0,0.0,0.0,17595.0,0.0,0.0,0.0,0.0,1.2,130525.0,0.0,0.0,2358.0,25999.0,0.0,0.0,0.0,0.0,302.2,5199.0,0.0,2800757.0,0.0
41,2021-11-16,69981.0,2833.0,0.0,89738.0,0.0,0.0,0.0,0.0,0.0,0.0,0.0,0.0,72826.0,0.0,200848.0,0.0,0.0,0.0,168159.0,0.0,0.0,0.0,6.0,79999.0,138924.0,0.0,0.0,476.0,0.0,0.0,10503192.0,0.0,0.0,0.0,15984.0,0.0,0.0,95996.0,0.0,8.4,111954.0,0.0,0.0,0.0,40999.0,0.0,0.0,0.0,0.0,3.6,0.0,0.0,2162469.0,0.0
42,2021-11-17,59981.0,2833.0,16981.0,151453.0,0.0,0.0,0.0,0.0,0.0,0.0,0.0,0.0,103475.0,0.0,268924.0,0.0,0.0,0.0,201140.0,0.0,0.0,0.0,7.199999999999999,159998.0,157124.0,0.0,0.0,1632.0,0.0,0.0,11218137.0,2599.0,0.0,0.0,23980.0,199.0,0.0,0.0,0.0,3.6,69469.0,0.0,0.0,1299.0,40999.0,0.0,1999.0,0.0,0.0,4.8,5999.0,0.0,2104806.0,0.0
43,2021-11-18,55981.0,2833.0,0.0,129509.0,0.0,0.0,839.0,10699.0,0.0,0.0,0.0,0.0,143310.0,0.0,146892.0,0.0,0.0,0.0,612894.0,0.0,0.0,1.2,18.0,309800.0,160867.0,2999.0,0.0,1292.0,0.0,0.0,20239443.0,0.0,109981.0,0.0,16984.0,0.0,0.0,33999.0,0.0,305.8,88116.0,0.0,0.0,0.0,0.0,0.0,0.0,459.0,0.0,2.4,106798.0,0.0,1711523.0,0.0
44,2021-11-19,45589.0,2833.0,0.0,53955.0,0.0,0.0,0.0,0.0,0.0,0.0,0.0,0.0,136607.0,0.0,149905.0,99981.0,0.0,0.0,109942.0,0.0,0.0,0.0,4.8,129999.0,118924.0,0.0,0.0,238.0,0.0,0.0,9957234.0,28601.0,0.0,0.0,10990.0,0.0,0.0,28599.0,0.0,1.2,57294.0,0.0,2999.0,899.0,76998.0,0.0,0.0,0.0,0.0,4.8,0.0,0.0,1128829.0,0.0
45,2021-11-20,0.0,0.0,0.0,100233.0,0.0,0.0,0.0,0.0,0.0,0.0,0.0,0.0,134560.0,0.0,0.0,0.0,0.0,0.0,195541.0,0.0,0.0,1.2,6.0,114999.0,27981.0,0.0,0.0,1016.0,0.0,0.0,10711175.0,0.0,0.0,0.0,12987.0,0.0,2799.0,81697.0,0.0,0.0,47438.0,0.0,0.0,0.0,29999.0,0.0,0.0,0.0,0.0,1.2,5199.0,0.0,2190111.0,0.0
46,2021-11-21,0.0,0.0,0.0,52865.0,0.0,0.0,0.0,0.0,0.0,0.0,0.0,0.0,0.0,0.0,65943.0,0.0,0.0,0.0,177942.0,0.0,0.0,0.0,4.8,0.0,44962.0,0.0,0.0,158.0,0.0,0.0,506961.0,0.0,0.0,0.0,999.0,0.0,0.0,0.0,0.0,3.6,25728.0,0.0,0.0,2037.0,24999.0,0.0,0.0,0.0,0.0,1.2,0.0,0.0,682288.0,0.0
47,2021-11-22,181943.0,8499.0,0.0,109130.0,0.0,0.0,0.0,0.0,0.0,0.0,0.0,0.0,136085.0,0.0,71962.0,0.0,0.0,0.0,89961.0,0.0,0.0,603.4,3.6,0.0,201924.0,0.0,0.0,555.0,0.0,0.0,18653565.0,0.0,0.0,0.0,15789.0,0.0,0.0,28599.0,0.0,2.4,142421.0,0.0,0.0,0.0,38999.0,0.0,0.0,0.0,0.0,875.9,126172.0,0.0,1361670.0,0.0
48,2021-11-23,0.0,0.0,5001.0,94273.0,0.0,0.0,0.0,0.0,0.0,0.0,0.0,0.0,77158.0,2799.0,80943.0,0.0,0.0,0.0,191978.0,0.0,0.0,3.6,4.8,0.0,175886.0,0.0,0.0,836.0,0.0,0.0,8592339.0,5598.0,0.0,0.0,14986.0,0.0,0.0,60598.0,0.0,3.6,135850.0,0.0,0.0,1059.0,0.0,0.0,0.0,0.0,0.0,877.1,111722.0,0.0,1430185.0,0.0
49,2021-11-24,39589.0,2833.0,13981.0,140597.0,0.0,0.0,0.0,0.0,0.0,0.0,0.0,0.0,84050.0,0.0,168924.0,0.0,0.0,0.0,392122.02,0.0,1.2,0.0,9.6,0.0,41962.0,0.0,0.0,536.0,0.0,0.0,9372279.0,2199.0,0.0,0.0,16983.0,0.0,0.0,23599.0,0.0,3.6,155593.0,5999.0,0.0,4596.0,38999.0,0.0,0.0,0.0,0.0,0.0,6999.0,0.0,1858126.0,0.0
50,2021-11-25,0.0,0.0,0.0,475732.0,0.0,199.0,0.0,0.0,0.0,0.0,0.0,0.0,88127.0,0.0,141905.0,0.0,0.0,1600.0,228441.2,0.0,0.0,0.0,3.6,307997.0,114943.0,0.0,199.0,4441.0,0.0,0.0,9970233.0,59796.0,0.0,0.0,32545.0,0.0,0.0,62598.0,0.0,4.8,156108.0,0.0,0.0,1598.0,0.0,0.0,0.0,399.0,0.0,1749.4,74971.0,0.0,2035826.0,0.0
51,2021-11-26,0.0,0.0,0.0,1007860.68,0.0,199.0,3314.0,0.0,0.0,0.0,0.0,0.0,42443.9,0.0,83643.0,0.0,0.0,0.0,148596.0,0.0,0.0,603.4,3.6,195794.0,131491.7,0.0,0.0,6478.0,0.0,0.0,8787021.1,4457.0,0.0,0.0,99848.0,0.0,0.0,0.0,0.0,1.2,283021.0,0.0,0.0,4086.0,0.0,0.0,9199.0,1197.0,0.0,872.52,64182.0,0.0,2159647.0,0.0
52,2021-11-27,90582.34,5653.66,0.0,851397.0,0.0,0.0,0.0,0.0,0.0,0.0,0.0,0.0,36247.46,0.0,106762.0,0.0,0.0,0.0,53843.0,0.0,0.0,0.0,3.6,180794.0,103528.18,0.0,0.0,1250.0,0.0,0.0,5901299.54,799.0,0.0,0.0,138021.24,0.0,0.0,73444.51999999999,0.0,2.4,236722.0,5999.0,0.0,659.0,0.0,0.0,0.0,0.0,0.0,869.32,88570.92,0.0,3164386.32,0.0
53,2021-11-28,0.0,0.0,0.0,390497.0,0.0,0.0,0.0,0.0,0.0,0.0,0.0,0.0,7488.34,0.0,210872.0,0.0,0.0,0.0,55780.0,0.0,0.0,0.0,1.2,179794.0,43862.0,0.0,0.0,0.0,4999.0,0.0,415904.66,0.0,0.0,0.0,38452.0,0.0,5301.0,0.0,0.0,8.4,65948.0,0.0,0.0,1599.0,88877.0,0.0,0.0,0.0,0.0,302.2,75981.0,0.0,820293.0,0.0
54,2021-11-29,0.0,0.0,13999.0,1105652.04,0.0,0.0,0.0,0.0,0.0,0.0,0.0,0.0,141718.68,0.0,18881.0,190623.4,0.0,0.0,476748.0,0.0,1.2,1.2,19.2,161194.0,142627.52,1599.0,0.0,3762.0,0.0,0.0,6264473.32,2599.0,0.0,0.0,131842.36,0.0,0.0,29199.0,0.0,0.0,356853.36,0.0,0.0,17424.0,0.0,0.0,0.0,0.0,0.0,872.38,51388.0,0.0,2746885.24,0.0
55,2021-11-30,0.0,0.0,16981.0,1711414.66,0.0,0.0,0.0,0.0,0.0,0.0,0.0,0.0,94877.24,0.0,213048.0,0.0,0.0,0.0,500142.7,0.0,0.0,1.2,16.8,85897.0,95569.16,0.0,0.0,5539.0,7999.0,0.0,5042949.76,4397.0,0.0,70241.0,308519.32,0.0,0.0,60197.0,0.0,9.6,655762.82,0.0,0.0,3492.0,188300.0,0.0,1999.0,0.0,0.0,2911.66,193953.0,0.0,4149435.38,0.0
56,2021-12-01,0.0,0.0,16981.0,1663658.0,0.0,0.0,1079.0,0.0,0.0,0.0,0.0,0.0,67236.0,0.0,229886.0,111962.0,0.0,0.0,277973.0,0.0,0.0,602.2,10.8,269979.0,212848.0,0.0,0.0,4343.0,0.0,0.0,6044535.0,2657.0,0.0,0.0,134088.0,597.0,0.0,85797.0,0.0,307.0,525000.5,0.0,0.0,6643.0,0.0,0.0,4999.0,0.0,0.0,2625.3,71386.0,0.0,2008384.0,0.0
57,2021-12-02,0.0,0.0,0.0,593235.0,0.0,0.0,1079.0,0.0,0.0,0.0,0.0,0.0,58028.0,0.0,41981.0,0.0,0.0,0.0,259955.0,6737.0,0.0,0.0,10.8,343378.0,142905.0,0.0,0.0,8783.0,0.0,7591.0,7149450.0,9454.0,14999.0,0.0,139474.0,719.0,0.0,52198.0,0.0,1.2,248953.0,6798.0,0.0,4530.0,39999.0,0.0,1999.0,199.0,0.0,878.3,159792.0,0.0,2478759.0,0.0
58,2021-12-03,0.0,0.0,5001.0,641172.0,0.0,0.0,0.0,0.0,0.0,0.0,0.0,0.0,50166.0,0.0,313909.0,99981.0,0.0,999.0,399847.0,0.0,0.0,1.2,10.8,127998.0,162905.0,0.0,0.0,4841.0,0.0,0.0,5797554.0,6554.0,0.0,0.0,124779.0,1897.0,0.0,75197.0,0.0,4.8,322571.0,0.0,0.0,4136.0,77997.0,0.0,0.0,1199.0,0.0,877.1,12197.0,0.0,2250903.0,0.0
59,2021-12-04,53981.0,2833.0,0.0,660774.0,0.0,0.0,0.0,30698.0,0.0,0.0,0.0,0.0,59263.0,0.0,111924.0,0.0,0.0,0.0,1504852.0,0.0,0.0,3.6,68.39999999999999,93999.0,231848.0,0.0,0.0,4306.0,0.0,0.0,4926621.0,5655.0,0.0,0.0,543827.0,719.0,0.0,52198.0,0.0,1.2,881761.0,14995.0,0.0,15193.0,23999.0,0.0,0.0,199.0,0.0,1755.4,241543.0,0.0,5226632.0,0.0
60,2021-12-05,0.0,0.0,13981.0,134140.0,0.0,0.0,0.0,0.0,0.0,0.0,0.0,0.0,32608.0,2999.0,0.0,0.0,0.0,0.0,295955.0,0.0,0.0,0.0,10.8,0.0,107943.0,1999.0,0.0,238.0,0.0,0.0,454965.0,1199.0,0.0,0.0,83808.0,0.0,0.0,28599.0,0.0,0.0,163926.0,999.0,0.0,0.0,51980.0,0.0,799.0,0.0,0.0,877.1,35592.0,0.0,1759515.0,0.0
61,2021-12-06,121962.0,5666.0,39962.0,656963.0,0.0,0.0,0.0,17899.0,0.0,0.0,0.0,0.0,76821.0,2999.0,361696.0,199962.0,0.0,0.0,1062750.0,0.0,1.2,2.4,39.6,267397.0,325791.0,0.0,0.0,5175.0,5999.0,0.0,2165834.0,6455.0,0.0,0.0,367963.0,199.0,0.0,0.0,0.0,19.2,903484.5,0.0,0.0,16385.0,174601.0,0.0,0.0,498.0,0.0,4377.1,26195.0,0.0,4644842.0,0.0
62,2021-12-07,257924.0,11332.0,0.0,659551.0,0.0,0.0,1799.0,85397.0,0.0,0.0,0.0,0.0,40133.0,0.0,260791.0,99981.0,0.0,0.0,739666.0,0.0,0.0,4.8,31.2,230598.0,144686.0,1999.0,0.0,6224.0,0.0,0.0,4185678.0,499.0,0.0,0.0,100848.0,0.0,0.0,60998.0,0.0,12.0,875126.0,0.0,0.0,4889.0,93801.0,0.0,0.0,4000.0,0.0,2624.1,461194.0,0.0,3926123.0,0.0
63,2021-12-08,39589.0,2833.0,5999.0,767113.0,0.0,0.0,0.0,45402.0,0.0,0.0,0.0,0.0,52675.0,0.0,219852.0,111962.0,0.0,0.0,434805.0,0.0,0.0,2.4,18.0,401395.0,294772.0,3998.0,599.0,10315.0,0.0,0.0,2391816.0,6916.0,0.0,0.0,48457.0,0.0,0.0,0.0,0.0,305.8,778821.0,5999.0,0.0,22384.0,45998.0,0.0,0.0,1197.0,0.0,5249.4,38593.0,0.0,4985810.0,0.0
64,2021-12-09,108370.0,5666.0,98360.0,1298500.0,0.0,0.0,1978.0,10699.0,0.0,239801.0,0.0,0.0,78394.0,2999.0,256867.0,0.0,0.0,199.0,441881.0,0.0,1.2,2.4,13.2,209998.0,95943.0,0.0,0.0,34453.0,4999.0,0.0,2729790.0,11749.0,0.0,0.0,210827.0,1194.0,4199.0,256591.0,0.0,7.199999999999999,1291363.0,0.0,0.0,35202.0,80800.0,0.0,3199.0,2867.0,0.0,1749.4,34794.0,0.0,3498689.0,0.0
65,2021-12-10,0.0,0.0,8399.0,3699092.0,399.0,199.0,3815.0,32519.0,0.0,0.0,0.0,13999.0,78395.0,0.0,297391.0,0.0,0.0,2786.0,1945691.0,0.0,1.2,32.4,88.8,403995.0,239429.0,0.0,0.0,18078.0,5999.0,0.0,1962849.0,8613.0,0.0,0.0,286142.0,4698.0,0.0,28599.0,0.0,9.6,2107390.0,5799.0,0.0,323999.0,274798.0,0.0,1599.0,4796.0,0.0,3498.8,1012842.0,0.0,20033200.0,0.0
66,2021-12-11,59981.0,2833.0,73958.0,2513561.0,0.0,398.0,1978.0,0.0,0.0,92999.0,0.0,0.0,90935.0,2999.0,230721.0,0.0,0.0,9954.0,2474375.0,0.0,0.0,58.8,122.4,229997.0,281030.0,0.0,199.0,101447.0,0.0,0.0,1559880.0,17707.0,0.0,0.0,389136.0,1515.0,0.0,86495.0,0.0,4.8,3109670.0,0.0,0.0,744352.0,177797.0,0.0,1999.0,4280.0,0.0,1751.8,885646.0,0.0,10935579.0,0.0
67,2021-12-12,0.0,0.0,10999.0,507991.0,0.0,0.0,0.0,10699.0,0.0,0.0,0.0,0.0,9097.0,0.0,35981.0,0.0,0.0,0.0,737750.0,0.0,0.0,10.8,40.8,465994.0,166924.0,0.0,0.0,10808.0,0.0,0.0,90993.0,0.0,0.0,0.0,75724.0,398.0,0.0,28599.0,0.0,0.0,818187.0,6798.0,0.0,151888.0,243799.0,0.0,799.0,0.0,0.0,877.1,280944.0,0.0,2375720.0,0.0
68,2021-12-13,0.0,0.0,32380.0,1461849.0,0.0,0.0,0.0,10699.0,0.0,0.0,0.0,0.0,30100.0,0.0,157905.0,0.0,0.0,3187.0,1408167.0,0.0,0.0,15.6,63.6,531994.0,162886.0,0.0,4199.0,38313.0,0.0,0.0,948927.0,11295.0,121981.0,0.0,422588.0,0.0,0.0,70198.0,0.0,3.6,1563651.0,1599.0,0.0,316954.0,197386.0,0.0,0.0,2396.0,0.0,1750.6,443344.0,0.0,5724238.0,0.0
69,2021-12-14,0.0,0.0,106754.0,1669470.0,0.0,0.0,1079.0,0.0,0.0,0.0,0.0,0.0,66788.0,2999.0,169905.0,0.0,0.0,7364.0,1915693.0,0.0,0.0,26.4,91.2,322977.0,305520.0,1999.0,0.0,54090.0,0.0,0.0,1273902.0,2797.0,0.0,0.0,517690.0,4300.0,0.0,57198.0,0.0,4.8,2359951.0,999.0,0.0,450604.0,698976.0,0.0,0.0,2593.0,0.0,2622.9,257372.0,0.0,5396474.0,0.0
70,2021-12-15,0.0,0.0,85356.0,1793637.0,0.0,199.0,4996.0,23001.0,0.0,0.0,0.0,0.0,52675.0,1999.0,108924.0,0.0,0.0,4580.0,1652578.0,0.0,0.0,30.0,70.8,1150585.0,159124.0,0.0,0.0,65441.0,0.0,0.0,1130913.0,6047.0,0.0,0.0,479532.0,0.0,0.0,141693.0,0.0,3.6,2479408.0,5799.0,0.0,490793.0,435984.0,0.0,0.0,10247.0,0.0,877.1,206975.0,0.0,4674631.0,0.0
71,2021-12-16,0.0,0.0,63375.0,1820077.0,0.0,0.0,3536.0,21781.0,0.0,0.0,0.0,0.0,114146.0,0.0,142524.0,0.0,0.0,6770.0,1607568.0,6737.0,0.0,27.6,58.8,539976.0,513260.0,0.0,0.0,63408.0,5999.0,0.0,1026921.0,8350.0,0.0,6801.0,446259.0,6749.0,0.0,130793.0,0.0,3.6,2847756.0,5799.0,0.0,469402.0,461393.0,0.0,7997.0,2788.0,0.0,878.3,346315.0,0.0,3712809.0,0.0
72,2021-12-17,39589.0,2833.0,694351.0,10537983.0,0.0,0.0,39054.0,0.0,3.0,74999.0,0.0,0.0,49230.0,2799.0,425953.0,0.0,0.0,39672.0,2506015.0,0.0,0.0,1256.0,111.6,1267950.0,463677.0,0.0,0.0,63797.0,9998.0,0.0,727944.0,196146.0,0.0,0.0,954257.0,10046.0,0.0,458181.0,0.0,309.4,3901651.0,28995.0,0.0,1545307.0,449786.0,0.0,8797.0,28911.0,0.0,6124.1,901194.0,0.0,44149955.0,0.0
73,2021-12-18,112770.0,5666.0,482951.0,5942576.0,0.0,0.0,12783.0,23399.0,0.0,0.0,0.0,0.0,55182.0,0.0,179867.0,0.0,0.0,28327.0,1388532.0,0.0,1.2,37.2,57.6,634975.0,391372.0,0.0,9801.0,70850.0,25996.0,0.0,545958.0,89782.0,0.0,0.0,623682.0,199.0,0.0,262189.0,0.0,4.8,3107701.0,999.0,0.0,758682.0,463789.0,0.0,3998.0,22429.0,0.0,3503.6,565290.0,0.0,16122384.0,0.0
74,2021-12-19,0.0,0.0,105592.0,2026563.0,0.0,0.0,5844.0,0.0,0.0,0.0,0.0,0.0,15050.0,0.0,173505.0,0.0,0.0,6090.0,678762.0,0.0,0.0,623.8,24.0,565312.0,247010.0,0.0,9801.0,20220.0,8999.0,0.0,77994.0,57489.0,0.0,0.0,147969.0,719.0,0.0,83596.0,0.0,304.6,1100809.0,8097.0,0.0,218320.0,151997.0,0.0,5598.0,3089.0,0.0,2923.9,282157.0,0.0,3963008.0,0.0
75,2021-12-20,0.0,0.0,192569.0,2110077.0,0.0,0.0,4395.0,33399.0,0.0,0.0,0.0,0.0,62707.0,5798.0,321810.0,0.0,0.0,17821.0,2080146.0,0.0,1.2,27.6,81.6,1057390.0,463258.0,0.0,0.0,65828.0,41994.0,15191.0,805938.0,91148.0,0.0,0.0,495719.0,5417.0,0.0,261989.0,0.0,8.4,3755226.0,11798.0,0.0,560074.0,741974.0,0.0,3997.0,11363.0,0.0,4674.5,547520.0,0.0,8045584.0,0.0
76,2021-12-21,0.0,0.0,157786.0,2580781.0,0.0,0.0,1079.0,10699.0,0.0,0.0,0.0,0.0,55182.0,2799.0,164886.0,0.0,0.0,14804.0,1827949.0,0.0,0.0,14.4,81.6,1693547.0,516478.0,3998.0,0.0,55344.0,19997.0,0.0,792939.0,13547.0,9999.0,0.0,526497.0,5019.0,0.0,771562.0,0.0,7.199999999999999,2371240.0,4596.0,0.0,541538.0,649975.0,0.0,999.0,8771.0,0.0,3802.2,248543.0,0.0,5078462.0,0.0
77,2021-12-22,0.0,0.0,249978.0,2755688.0,0.0,0.0,4056.0,21781.0,0.0,0.0,0.0,0.0,141739.0,0.0,107924.0,0.0,0.0,20171.0,1666450.0,0.0,0.0,18.0,61.2,2409957.0,309192.0,1999.0,0.0,83028.0,13998.0,0.0,1000923.0,7792.0,123981.0,0.0,543775.0,398.0,0.0,958634.0,0.0,602.0,2517422.0,3397.0,0.0,805160.0,1040767.0,0.0,3598.0,11663.0,0.0,2926.3,337331.0,0.0,5125333.0,0.0
78,2021-12-23,65981.0,2833.0,206368.0,2334817.0,0.0,0.0,5395.0,42717.0,0.0,0.0,0.0,0.0,59263.0,2999.0,328886.0,0.0,0.0,29475.0,1758568.0,0.0,1.2,20.4,80.39999999999999,1254969.0,378973.0,3998.0,0.0,83804.0,34995.0,0.0,1104915.0,36452.0,0.0,0.0,504223.0,597.0,0.0,1067934.0,0.0,4.8,2289263.0,3297.0,0.0,599023.0,743778.0,0.0,0.0,13950.0,0.0,881.9,300555.0,0.0,4019329.0,0.0
79,2021-12-24,65981.0,2833.0,963918.0,10159469.0,0.0,0.0,2736.0,0.0,0.0,0.0,0.0,0.0,89363.0,0.0,360991.0,0.0,0.0,20421.0,3765337.0,0.0,3.6,620.1999999999999,148.79999999999998,763750.0,696327.0,1999.0,6399.0,50906.0,0.0,0.0,1312899.0,75777.0,19999.0,0.0,614089.0,2456.0,0.0,135793.0,0.0,609.1999999999999,4358356.0,0.0,0.0,823874.0,117996.0,0.0,46350.0,22584.0,0.0,6423.9,908571.0,0.0,51047264.0,0.0
80,2021-12-25,69981.0,2833.0,415368.0,6242329.0,0.0,0.0,1918.0,85077.0,0.0,0.0,1.2,0.0,110365.0,1999.0,359753.0,0.0,0.0,27360.0,2910006.0,0.0,2.4,13.2,106.8,1267988.0,392954.0,0.0,0.0,59976.0,22396.0,0.0,922929.0,105770.0,0.0,0.0,598403.0,2214.0,0.0,214290.0,0.0,311.8,4040603.0,0.0,0.0,658560.0,349785.0,0.0,45352.0,21724.0,0.0,5847.8,949763.0,0.0,9672959.0,0.0
81,2021-12-26,0.0,0.0,182987.0,1315356.0,0.0,0.0,0.0,0.0,0.0,0.0,0.0,0.0,17558.0,0.0,125924.0,0.0,0.0,6228.0,700666.0,0.0,2.4,0.0,32.4,520976.0,108943.0,0.0,0.0,4781.0,0.0,0.0,90993.0,12827.0,8798.0,0.0,111789.0,0.0,0.0,37799.0,0.0,3.6,910846.0,5799.0,0.0,104870.0,45998.0,0.0,13586.0,2551.0,0.0,875.9,227145.0,0.0,1849944.0,0.0
82,2021-12-27,51981.0,2833.0,119118.0,1717427.0,0.0,0.0,0.0,87317.0,0.0,0.0,0.0,0.0,190333.0,2799.0,216867.0,0.0,0.0,26869.0,1495670.0,0.0,0.0,608.2,64.8,864990.0,365011.0,0.0,0.0,30250.0,18197.0,0.0,4042689.0,70220.0,115999.0,0.0,367246.0,597.0,0.0,211792.0,0.0,305.8,1708975.0,1399.0,0.0,385731.0,245992.0,0.0,7993.0,17954.0,0.0,1754.2,204176.0,0.0,7635053.0,0.0
83,2021-12-28,118366.0,5666.0,72761.0,2281847.0,0.0,0.0,5395.0,54797.0,0.0,0.0,0.0,0.0,198793.0,0.0,340372.0,0.0,0.0,40423.0,1964990.0,0.0,0.0,613.0,75.6,1712560.0,693107.0,0.0,199.0,45136.0,0.0,0.0,1767864.0,99590.0,0.0,0.0,357056.0,2490.0,0.0,199291.0,0.0,310.6,2164285.0,7000.0,0.0,353152.0,201993.0,0.0,18187.0,32195.0,0.0,6726.1,264330.0,0.0,10882743.0,0.0
84,2021-12-29,97570.0,5666.0,642337.0,9636121.0,0.0,0.0,0.0,0.0,0.0,0.0,0.0,0.0,107445.0,0.0,254810.0,0.0,0.0,9808.0,1598049.0,0.0,2.4,604.6,67.2,1234964.0,280810.0,0.0,0.0,18545.0,0.0,0.0,714945.0,33051.0,172999.0,0.0,250051.0,9640.0,0.0,335174.0,0.0,7.199999999999999,1647725.0,7181.0,0.0,321665.0,725972.0,0.0,12993.0,4470.0,0.0,3500.0,640836.0,0.0,12493924.0,0.0
85,2021-12-30,0.0,0.0,25998.0,184794.0,0.0,0.0,0.0,0.0,0.0,0.0,0.0,0.0,7525.0,0.0,0.0,0.0,0.0,299.0,19999.0,0.0,0.0,0.0,1.2,0.0,23581.0,0.0,0.0,378.0,0.0,0.0,25998.0,4398.0,0.0,0.0,11988.0,8202.0,0.0,8599.0,0.0,0.0,34122.0,0.0,0.0,3396.0,0.0,0.0,0.0,499.0,0.0,301.0,7998.0,0.0,222396.0,0.0
86,2021-12-31,0.0,0.0,8399.0,69115.0,0.0,0.0,0.0,0.0,0.0,0.0,0.0,0.0,7525.0,0.0,0.0,0.0,0.0,0.0,0.0,0.0,0.0,0.0,0.0,0.0,0.0,0.0,0.0,237.0,0.0,0.0,51996.0,199.0,0.0,0.0,2997.0,0.0,0.0,0.0,0.0,0.0,30573.0,0.0,0.0,1897.0,0.0,0.0,0.0,0.0,0.0,0.0,0.0,0.0,17199.0,0.0
87,2022-01-01,45589.0,2833.0,258969.0,2500516.0,0.0,0.0,0.0,21319.0,0.0,0.0,0.0,0.0,15050.0,0.0,478315.0,0.0,0.0,2786.0,2069550.0,0.0,1.2,603.4,73.2,1094969.0,513221.0,0.0,0.0,4923.0,0.0,0.0,116991.0,18855.0,0.0,0.0,155365.0,719.0,0.0,259781.0,0.0,13.2,893142.0,26203.0,0.0,160594.0,104997.0,0.0,14151.0,1735.0,0.0,3227.3,283728.0,0.0,4137742.0,0.0
88,2022-01-02,129962.0,5666.0,307765.0,2444361.0,0.0,0.0,0.0,0.0,0.0,0.0,0.0,0.0,15050.0,0.0,183486.0,0.0,0.0,776.0,2251521.0,0.0,2.4,1.2,90.0,171998.0,449296.0,0.0,0.0,2054.0,0.0,0.0,51996.0,8418.0,117991.0,0.0,77131.0,1299.0,0.0,182191.0,0.0,4.8,552864.0,0.0,0.0,128158.0,133995.0,0.0,10593.0,1477.0,0.0,5850.2,303144.0,0.0,2220563.0,0.0
89,2022-01-03,91570.0,5666.0,373331.0,4070509.0,0.0,0.0,6917.0,46900.0,0.0,0.0,0.0,0.0,107258.0,2999.0,245848.0,0.0,0.0,8762.0,2405945.0,0.0,4.8,611.8,82.8,1337582.0,911306.0,3998.0,0.0,20752.0,0.0,0.0,727944.0,54454.0,0.0,0.0,404509.0,398.0,0.0,536563.0,0.0,308.2,2201808.0,23196.0,0.0,525765.0,895375.0,0.0,23586.0,17324.0,0.0,7301.0,360353.0,0.0,4792269.0,0.0
90,2022-01-04,51981.0,2833.0,199987.0,4635486.0,0.0,0.0,2158.0,50979.0,0.0,0.0,0.0,0.0,87790.0,5798.0,313791.0,0.0,0.0,199.0,2218301.0,0.0,3.6,611.8,92.4,1194984.0,1147735.0,3998.0,0.0,7566.0,13998.0,0.0,610953.0,55989.0,0.0,0.0,385540.0,0.0,0.0,477569.0,0.0,10.8,1972380.0,11598.0,0.0,463978.0,1010770.0,0.0,10094.0,9606.0,0.0,9955.8,138564.0,0.0,4251922.0,0.0
91,2022-01-05,85981.0,2833.0,369930.0,3134278.3,0.0,199.0,6435.0,0.0,0.0,0.0,0.0,0.0,86855.0,5998.0,306810.0,0.0,0.0,3782.0,1622570.7,0.0,2.4,1.2,63.6,1723521.0,394335.0,1999.0,0.0,13335.0,4999.0,0.0,636951.0,75495.0,0.0,0.0,339973.0,199.0,0.0,352779.0,0.0,606.8,4700780.0,12997.0,0.0,380869.0,1046763.0,0.0,12194.0,17736.0,0.0,1749.4,132573.0,0.0,5396912.0,0.0
92,2022-01-06,0.0,0.0,257365.0,3540242.0,1598.0,199.0,0.0,68760.0,0.0,0.0,1.2,0.0,89363.0,0.0,379934.0,0.0,0.0,3782.0,1548513.0,0.0,2.4,7.199999999999999,54.0,1169932.0,469755.0,1098.0,809.0,38730.0,0.0,0.0,792939.0,39246.0,0.0,0.0,390745.0,2535.0,0.0,241583.0,0.0,310.6,8178768.0,37694.0,0.0,427402.0,650780.0,0.0,10192.0,16772.0,0.0,4979.1,150773.0,0.0,3591935.0,0.0
93,2022-01-07,65981.0,2833.0,379373.0,11861867.0,0.0,199.0,899.0,43698.0,0.0,0.0,0.0,0.0,52675.0,0.0,347772.0,2099.0,0.0,16431.0,3168867.0,0.0,4.8,26.4,132.0,1230966.0,1564013.0,14752.0,0.0,70564.0,0.0,0.0,571956.0,74642.0,0.0,0.0,491628.0,199.0,0.0,1143232.0,0.0,610.4,5594675.0,12976.0,0.0,809405.0,1001164.0,0.0,25886.0,19005.0,0.0,8190.1,1348376.0,0.0,35413582.0,0.0
94,2022-01-08,145943.0,6847.0,310563.0,10014693.0,399.0,1424.0,4875.0,73398.0,0.0,168198.0,0.0,0.0,67725.0,4998.0,537201.0,0.0,0.0,17306.0,9854851.0,0.0,6.0,614.2,492.0,1063587.0,858411.0,16258.0,0.0,98051.0,17997.0,0.0,493962.0,86936.0,0.0,0.0,514704.0,10479.0,0.0,857948.0,0.0,320.2,4121467.0,4880.0,1999.0,1006154.0,1091162.0,0.0,36984.0,19049.0,0.0,6128.9,1042608.0,0.0,24826584.0,0.0
95,2022-01-09,97962.0,4014.0,60594.0,1854451.0,0.0,0.0,0.0,21398.0,0.0,0.0,0.0,0.0,7525.0,2999.0,368572.0,0.0,0.0,1273.0,1343181.0,0.0,1.2,2.4,72.0,646992.0,575401.0,4092.0,0.0,21114.0,4999.0,0.0,51996.0,11990.0,0.0,0.0,73237.0,2137.0,0.0,281186.0,0.0,7.199999999999999,820313.0,3881.0,0.0,172269.0,166193.0,0.0,7695.0,2714.0,0.0,5552.8,201360.0,0.0,5284206.0,0.0
96,2022-01-10,115962.0,5666.0,163353.0,3605042.0,0.0,1998.0,3423.0,34098.0,0.0,0.0,1.2,0.0,96888.0,4798.0,589325.0,0.0,0.0,7370.0,4759953.0,6737.0,1.2,8.4,208.8,988387.0,869592.0,7376.0,0.0,79644.0,7999.0,0.0,480963.0,70441.0,117991.0,0.0,425560.0,719.0,0.0,715164.0,0.0,314.2,1337876.0,1399.0,0.0,621053.0,787571.0,0.0,9396.0,22015.0,0.0,7029.5,638670.0,0.0,7600000.0,0.0
97,2022-01-11,65981.0,2833.0,182955.0,4389536.0,0.0,499.0,4776.0,60799.0,0.0,0.0,0.0,0.0,47658.0,0.0,638163.0,0.0,0.0,7563.0,5217473.0,0.0,0.0,4.8,222.0,757974.0,1055899.0,10672.0,499.0,113495.0,9998.0,0.0,506961.0,69309.0,0.0,0.0,372267.0,398.0,0.0,937650.0,0.0,19.2,1503747.0,5799.0,0.0,662601.0,761971.0,0.0,16993.0,25005.0,0.0,5858.6,413298.0,0.0,13980077.0,0.0
98,2022-01-12,0.0,0.0,197952.0,4480419.0,0.0,398.0,4016.0,44099.0,0.0,74999.0,0.0,0.0,52675.0,13995.0,617620.0,0.0,0.0,11149.0,4947569.0,0.0,4.8,608.1999999999999,202.8,916990.0,1213397.0,11070.0,0.0,147568.0,23996.0,0.0,493962.0,68828.0,0.0,0.0,425136.0,12384.0,0.0,951753.0,0.0,319.0,1695999.0,8497.0,0.0,741409.0,694372.0,0.0,13194.0,25227.0,0.0,7309.4,375314.0,0.0,6830003.0,0.0
99,2022-01-13,225924.0,11332.0,2201390.0,5689338.0,0.0,199.0,2128.0,57661.0,0.0,0.0,0.0,0.0,54247.0,2799.0,849068.0,0.0,0.0,14359.0,4874919.0,0.0,3.6,7.199999999999999,199.2,1601946.0,868917.0,10479.0,0.0,182262.0,4999.0,0.0,519960.0,227431.0,288998.0,0.0,584074.0,1117.0,4199.0,663560.0,0.0,624.8,2901751.0,2398.0,2999.0,678966.0,1668772.0,0.0,18989.0,16078.0,0.0,4680.5,652451.0,0.0,44576882.0,0.0
100,2022-01-14,237924.0,11332.0,1179055.0,4732790.0,0.0,199.0,15957.0,37498.0,0.0,0.0,0.0,0.0,99396.0,1999.0,805449.0,0.0,0.0,22443.0,4697030.0,0.0,2.4,3.6,190.8,1486349.0,1509451.0,4890.0,699.0,140535.0,0.0,0.0,610953.0,224365.0,0.0,0.0,499260.0,1117.0,0.0,368273.0,0.0,621.2,2691742.0,3397.0,0.0,777974.0,1657936.0,0.0,51974.0,9790.0,0.0,7615.2,1084793.0,0.0,29324179.0,0.0
101,2022-01-15,219943.0,8499.0,719731.0,3064497.0,0.0,0.0,4558.0,25581.0,0.0,0.0,1.2,0.0,44737.0,0.0,446681.0,0.0,0.0,10027.0,3876377.0,0.0,0.0,3.6,162.0,619975.0,1003898.0,5488.0,0.0,100694.0,4999.0,0.0,259980.0,185391.0,0.0,0.0,353680.0,2693.0,0.0,432475.0,0.0,13.2,2332733.0,2798.0,0.0,726542.0,1055168.0,0.0,17391.0,7365.0,0.0,2939.5,612664.0,0.0,19365087.0,0.0
102,2022-01-16,445829.0,25497.0,207986.0,2554135.0,0.0,0.0,0.0,0.0,0.0,0.0,0.0,0.0,10033.0,2999.0,275467.0,0.0,0.0,4075.0,1179744.0,0.0,1.2,601.0,40.8,347978.0,335773.0,2194.0,0.0,852.0,0.0,0.0,38997.0,15474.0,0.0,0.0,329818.0,0.0,0.0,99992.0,0.0,6.0,1268502.0,12597.0,0.0,54485.0,281589.0,0.0,1999.0,7246.0,0.0,2052.8,424501.0,0.0,1784317.0,0.0
103,2022-01-17,1411449.0,82157.0,860446.0,14648438.0,399.0,0.0,5895.0,54962.0,0.0,50999.0,0.0,0.0,55519.0,0.0,660719.0,0.0,0.0,18420.0,12412294.0,0.0,10.8,7220.4,499.2,2908945.0,1226555.0,1296.0,0.0,44725.0,25595.0,0.0,441966.0,69574.0,0.0,0.0,1653931.0,5858.0,0.0,197888.0,0.0,610.4,7057786.0,6798.0,0.0,458409.0,2714103.0,0.0,14792.0,67917.0,0.0,2931.1,1693607.0,0.0,27412541.0,0.0
104,2022-01-18,1440468.0,79324.0,410500.0,13944826.0,0.0,0.0,2717.0,70143.0,0.0,0.0,0.0,0.0,70233.0,7797.0,789439.0,0.0,0.0,23194.0,9574194.0,0.0,1.2,3007.4,295.2,1997943.0,1173469.0,3794.0,0.0,118322.0,36392.0,0.0,337974.0,41449.0,187999.0,0.0,1825942.0,1637.0,0.0,309282.0,899.0,9.6,7227545.0,25094.0,0.0,614257.0,1993726.0,0.0,18274.0,72434.0,14.28,3412.2000000000003,1575229.0,2099.0,15026772.0,36174.0
105,2022-01-19,1407487.0,76491.0,694724.0,16805742.0,399.0,0.0,8372.0,36981.0,0.0,50999.0,1.2,0.0,27179.0,5998.0,929906.0,0.0,0.0,39399.0,9183492.0,0.0,2.4,1200.4,238.8,1762944.0,2059024.0,7393.0,0.0,255852.0,5999.0,0.0,220983.0,135920.0,172999.0,0.0,2013483.0,3229.0,0.0,371576.0,0.0,13.2,8954245.0,7181.0,0.0,975785.0,2534735.0,1191.0,7995.0,138101.0,14.28,1413.2,1004958.0,3698.0,16303750.0,5614.0
106,2022-01-20,43981.0,2833.0,31998.0,322590.0,0.0,0.0,0.0,0.0,0.0,0.0,0.0,0.0,0.0,0.0,0.0,0.0,0.0,0.0,324882.0,0.0,0.0,0.0,8.4,0.0,0.0,0.0,0.0,1739.0,0.0,0.0,25998.0,2780.0,0.0,0.0,23770.0,0.0,0.0,29799.0,0.0,0.0,158448.0,0.0,0.0,20472.0,65998.0,0.0,0.0,2388.0,0.0,0.0,11997.0,0.0,280978.0,0.0
107,2022-01-21,53981.0,2833.0,0.0,238004.0,0.0,0.0,0.0,0.0,0.0,0.0,0.0,0.0,0.0,0.0,0.0,0.0,0.0,238.0,165942.0,0.0,0.0,0.0,4.8,0.0,23981.0,0.0,0.0,950.0,0.0,0.0,0.0,834.0,0.0,0.0,7890.0,0.0,0.0,0.0,0.0,0.0,50532.0,0.0,0.0,4054.0,0.0,0.0,0.0,398.0,0.0,1.2,16996.0,0.0,17499.0,0.0
108,2022-01-22,43981.0,2833.0,0.0,59934.0,0.0,0.0,0.0,0.0,0.0,0.0,0.0,0.0,0.0,0.0,0.0,0.0,0.0,0.0,0.0,0.0,0.0,0.0,0.0,0.0,0.0,0.0,0.0,753.0,0.0,0.0,0.0,537.0,0.0,0.0,899.0,0.0,0.0,0.0,0.0,0.0,15387.0,0.0,0.0,2098.0,0.0,0.0,0.0,139.0,0.0,0.0,0.0,0.0,12199.0,0.0
109,2022-01-23,0.0,0.0,0.0,18387.0,0.0,0.0,0.0,0.0,0.0,0.0,0.0,0.0,0.0,0.0,0.0,0.0,0.0,0.0,0.0,0.0,0.0,0.0,0.0,0.0,0.0,0.0,0.0,0.0,0.0,0.0,0.0,179.0,0.0,0.0,899.0,0.0,0.0,0.0,0.0,0.0,5594.0,0.0,0.0,599.0,0.0,0.0,0.0,0.0,0.0,0.0,0.0,0.0,0.0,0.0
110,2022-01-24,0.0,0.0,0.0,11690.0,0.0,0.0,1079.0,0.0,0.0,0.0,0.0,0.0,0.0,0.0,0.0,0.0,0.0,0.0,12999.0,0.0,0.0,0.0,1.2,0.0,0.0,0.0,0.0,0.0,0.0,0.0,12999.0,0.0,0.0,0.0,0.0,0.0,0.0,0.0,0.0,0.0,9286.0,0.0,0.0,0.0,25999.0,0.0,0.0,199.0,0.0,0.0,0.0,0.0,13799.0,0.0
111,2022-01-25,0.0,0.0,0.0,11575.0,0.0,0.0,0.0,0.0,0.0,0.0,0.0,0.0,0.0,0.0,0.0,0.0,0.0,0.0,0.0,0.0,0.0,0.0,0.0,0.0,0.0,0.0,0.0,119.0,0.0,0.0,0.0,0.0,0.0,0.0,0.0,0.0,0.0,0.0,0.0,0.0,12692.0,0.0,0.0,3097.0,0.0,0.0,0.0,199.0,0.0,0.0,3999.0,0.0,0.0,0.0
112,2022-01-26,0.0,0.0,0.0,41264.0,0.0,0.0,0.0,0.0,0.0,0.0,0.0,0.0,0.0,0.0,0.0,0.0,0.0,119.0,0.0,0.0,0.0,0.0,0.0,0.0,0.0,0.0,0.0,0.0,0.0,0.0,0.0,179.0,0.0,0.0,0.0,199.0,0.0,0.0,0.0,0.0,10010.0,0.0,0.0,6491.0,0.0,0.0,0.0,0.0,0.0,0.0,0.0,0.0,24398.0,0.0
113,2022-01-27,0.0,0.0,0.0,3698.0,0.0,0.0,0.0,0.0,0.0,0.0,0.0,0.0,0.0,0.0,0.0,0.0,0.0,159.0,0.0,0.0,0.0,0.0,0.0,0.0,0.0,0.0,0.0,0.0,0.0,0.0,0.0,0.0,0.0,0.0,0.0,0.0,0.0,0.0,0.0,0.0,799.0,0.0,0.0,599.0,0.0,0.0,0.0,0.0,0.0,0.0,0.0,0.0,0.0,0.0
114,2022-01-28,0.0,0.0,0.0,1578.0,0.0,0.0,0.0,0.0,0.0,0.0,0.0,0.0,0.0,0.0,0.0,0.0,0.0,0.0,0.0,0.0,0.0,0.0,0.0,0.0,0.0,0.0,0.0,0.0,0.0,0.0,0.0,0.0,0.0,0.0,1099.0,0.0,0.0,0.0,0.0,0.0,1797.0,0.0,0.0,1398.0,0.0,0.0,0.0,0.0,0.0,0.0,0.0,0.0,0.0,0.0
115,2022-01-29,0.0,0.0,0.0,1999.0,0.0,0.0,0.0,0.0,0.0,0.0,0.0,0.0,0.0,0.0,0.0,0.0,0.0,0.0,0.0,0.0,0.0,0.0,0.0,0.0,0.0,0.0,0.0,119.0,0.0,0.0,0.0,179.0,0.0,0.0,0.0,0.0,0.0,0.0,0.0,0.0,0.0,0.0,0.0,1099.0,0.0,0.0,0.0,0.0,0.0,0.0,0.0,0.0,0.0,0.0
116,2022-01-30,0.0,0.0,0.0,1999.0,0.0,0.0,0.0,0.0,0.0,0.0,0.0,0.0,0.0,0.0,0.0,0.0,0.0,0.0,0.0,0.0,0.0,0.0,0.0,0.0,0.0,0.0,0.0,0.0,0.0,0.0,0.0,0.0,0.0,0.0,0.0,0.0,0.0,0.0,0.0,0.0,0.0,0.0,0.0,0.0,0.0,0.0,0.0,0.0,0.0,0.0,0.0,0.0,0.0,0.0
117,2022-01-31,0.0,0.0,0.0,1599.0,0.0,0.0,0.0,0.0,0.0,0.0,0.0,0.0,0.0,0.0,0.0,0.0,0.0,0.0,0.0,0.0,0.0,0.0,0.0,0.0,0.0,0.0,0.0,0.0,0.0,0.0,0.0,0.0,0.0,0.0,0.0,0.0,0.0,0.0,0.0,0.0,1875.0,0.0,0.0,799.0,0.0,0.0,0.0,0.0,0.0,0.0,0.0,0.0,0.0,0.0
118,2022-02-01,0.0,0.0,0.0,777.0,0.0,0.0,0.0,0.0,0.0,0.0,0.0,0.0,0.0,0.0,0.0,0.0,0.0,0.0,0.0,0.0,0.0,0.0,0.0,0.0,0.0,0.0,0.0,0.0,0.0,0.0,0.0,0.0,0.0,0.0,999.0,0.0,0.0,0.0,0.0,0.0,4595.0,0.0,0.0,0.0,0.0,0.0,0.0,0.0,0.0,0.0,0.0,0.0,0.0,0.0
119,2022-02-02,0.0,0.0,0.0,1999.0,0.0,0.0,0.0,0.0,0.0,0.0,0.0,0.0,0.0,0.0,0.0,0.0,0.0,0.0,0.0,0.0,0.0,0.0,0.0,0.0,0.0,0.0,0.0,0.0,0.0,0.0,0.0,0.0,0.0,0.0,0.0,0.0,0.0,0.0,0.0,0.0,599.0,0.0,0.0,599.0,0.0,0.0,0.0,0.0,0.0,0.0,0.0,0.0,0.0,0.0
120,2022-02-03,0.0,0.0,0.0,3057.0,0.0,0.0,0.0,0.0,0.0,0.0,0.0,0.0,0.0,0.0,0.0,0.0,0.0,0.0,0.0,0.0,0.0,0.0,0.0,0.0,0.0,0.0,0.0,0.0,0.0,0.0,0.0,0.0,0.0,0.0,0.0,0.0,0.0,0.0,0.0,0.0,599.0,0.0,0.0,0.0,0.0,0.0,0.0,0.0,0.0,0.0,0.0,0.0,0.0,0.0
121,2022-02-04,0.0,0.0,0.0,2796.0,0.0,0.0,0.0,0.0,0.0,0.0,0.0,0.0,0.0,0.0,0.0,0.0,0.0,0.0,0.0,0.0,0.0,0.0,0.0,0.0,0.0,0.0,0.0,0.0,0.0,0.0,0.0,0.0,0.0,0.0,0.0,0.0,0.0,0.0,0.0,0.0,2497.0,0.0,0.0,0.0,0.0,0.0,0.0,0.0,0.0,0.0,0.0,0.0,0.0,0.0
122,2022-02-05,0.0,0.0,0.0,13074.0,0.0,0.0,0.0,0.0,0.0,0.0,0.0,0.0,0.0,0.0,0.0,0.0,0.0,139.0,0.0,0.0,0.0,0.0,0.0,0.0,0.0,0.0,0.0,0.0,0.0,0.0,0.0,0.0,0.0,0.0,0.0,0.0,0.0,0.0,0.0,0.0,899.0,0.0,0.0,739.0,25999.0,0.0,0.0,199.0,0.0,0.0,0.0,0.0,0.0,0.0
123,2022-02-06,0.0,0.0,0.0,0.0,0.0,0.0,0.0,0.0,0.0,0.0,0.0,0.0,0.0,0.0,0.0,0.0,0.0,0.0,0.0,0.0,0.0,0.0,0.0,0.0,0.0,0.0,0.0,0.0,0.0,0.0,0.0,0.0,0.0,0.0,0.0,0.0,0.0,0.0,0.0,0.0,0.0,0.0,0.0,0.0,0.0,0.0,0.0,0.0,0.0,0.0,0.0,0.0,0.0,0.0
124,2022-02-07,0.0,0.0,16599.0,2298.0,0.0,0.0,0.0,0.0,0.0,0.0,0.0,0.0,0.0,0.0,0.0,0.0,0.0,0.0,0.0,0.0,0.0,0.0,0.0,0.0,0.0,0.0,0.0,119.0,0.0,0.0,0.0,0.0,0.0,0.0,0.0,0.0,0.0,0.0,0.0,0.0,0.0,0.0,0.0,0.0,0.0,0.0,0.0,0.0,0.0,0.0,0.0,0.0,0.0,0.0
125,2022-02-08,0.0,0.0,0.0,6396.0,0.0,0.0,0.0,0.0,0.0,0.0,0.0,0.0,0.0,0.0,0.0,0.0,0.0,0.0,19999.0,0.0,0.0,0.0,1.2,0.0,0.0,0.0,0.0,238.0,0.0,0.0,0.0,318.0,0.0,0.0,0.0,0.0,0.0,0.0,0.0,0.0,1298.0,0.0,0.0,1497.0,0.0,0.0,0.0,0.0,0.0,0.0,0.0,0.0,27398.0,0.0
126,2022-02-09,0.0,0.0,0.0,2196.0,0.0,0.0,0.0,0.0,0.0,0.0,0.0,0.0,0.0,0.0,0.0,0.0,0.0,0.0,0.0,0.0,0.0,0.0,0.0,0.0,0.0,0.0,0.0,79.0,0.0,0.0,0.0,0.0,0.0,0.0,0.0,0.0,0.0,0.0,0.0,0.0,0.0,0.0,0.0,2495.0,0.0,0.0,0.0,0.0,0.0,0.0,0.0,0.0,0.0,0.0
127,2022-02-10,0.0,0.0,0.0,13373.0,0.0,0.0,0.0,0.0,0.0,0.0,0.0,0.0,0.0,0.0,0.0,0.0,0.0,0.0,0.0,0.0,0.0,0.0,0.0,0.0,0.0,0.0,0.0,477.0,0.0,0.0,0.0,0.0,0.0,0.0,799.0,0.0,0.0,0.0,0.0,0.0,0.0,0.0,0.0,0.0,0.0,0.0,0.0,0.0,0.0,0.0,0.0,0.0,21981.0,0.0
128,2022-02-11,0.0,0.0,0.0,5243.0,0.0,0.0,0.0,0.0,0.0,0.0,0.0,0.0,0.0,0.0,0.0,0.0,0.0,119.0,0.0,0.0,0.0,0.0,0.0,0.0,0.0,0.0,0.0,119.0,0.0,0.0,0.0,0.0,0.0,0.0,799.0,0.0,0.0,0.0,0.0,0.0,799.0,0.0,0.0,599.0,0.0,0.0,0.0,0.0,0.0,0.0,0.0,0.0,0.0,0.0
129,2022-02-12,0.0,0.0,0.0,998.0,0.0,0.0,0.0,0.0,0.0,0.0,0.0,0.0,0.0,0.0,0.0,0.0,0.0,0.0,0.0,0.0,0.0,0.0,0.0,0.0,0.0,0.0,0.0,0.0,0.0,0.0,0.0,0.0,0.0,0.0,799.0,0.0,0.0,0.0,0.0,0.0,1398.0,0.0,0.0,0.0,0.0,0.0,0.0,0.0,0.0,0.0,0.0,0.0,0.0,0.0
130,2022-02-13,0.0,0.0,0.0,0.0,0.0,0.0,0.0,0.0,0.0,0.0,0.0,0.0,0.0,0.0,0.0,0.0,0.0,0.0,0.0,0.0,0.0,0.0,0.0,0.0,0.0,0.0,0.0,0.0,0.0,0.0,0.0,0.0,0.0,0.0,0.0,0.0,0.0,0.0,0.0,0.0,0.0,0.0,0.0,0.0,0.0,0.0,0.0,0.0,0.0,0.0,0.0,0.0,0.0,0.0
131,2022-02-14,0.0,0.0,0.0,1999.0,0.0,0.0,0.0,0.0,0.0,0.0,0.0,0.0,0.0,0.0,0.0,0.0,0.0,119.0,0.0,0.0,0.0,0.0,0.0,0.0,0.0,0.0,0.0,0.0,0.0,0.0,0.0,0.0,0.0,0.0,0.0,0.0,0.0,0.0,0.0,0.0,2199.0,0.0,0.0,0.0,0.0,0.0,0.0,0.0,0.0,0.0,0.0,0.0,0.0,0.0
132,2022-02-15,0.0,0.0,0.0,0.0,0.0,0.0,0.0,0.0,0.0,0.0,0.0,0.0,0.0,0.0,0.0,0.0,0.0,0.0,0.0,0.0,0.0,0.0,0.0,0.0,0.0,0.0,0.0,0.0,0.0,0.0,0.0,0.0,0.0,0.0,0.0,0.0,0.0,0.0,0.0,0.0,0.0,0.0,0.0,0.0,0.0,0.0,0.0,0.0,0.0,0.0,0.0,0.0,0.0,0.0
133,2022-02-16,0.0,0.0,0.0,0.0,0.0,0.0,0.0,0.0,0.0,0.0,0.0,0.0,0.0,0.0,0.0,0.0,0.0,0.0,0.0,0.0,0.0,0.0,0.0,0.0,0.0,0.0,0.0,0.0,0.0,0.0,0.0,0.0,0.0,0.0,999.0,0.0,0.0,0.0,0.0,0.0,899.0,0.0,0.0,0.0,0.0,0.0,0.0,0.0,0.0,0.0,0.0,0.0,0.0,0.0
134,2022-02-17,0.0,0.0,0.0,299.0,0.0,0.0,0.0,0.0,0.0,0.0,0.0,0.0,0.0,0.0,0.0,0.0,0.0,0.0,0.0,0.0,0.0,0.0,0.0,0.0,0.0,0.0,0.0,0.0,0.0,0.0,0.0,0.0,0.0,0.0,0.0,0.0,0.0,0.0,0.0,0.0,0.0,0.0,0.0,0.0,0.0,0.0,0.0,0.0,0.0,0.0,0.0,0.0,0.0,0.0
135,2022-02-18,0.0,0.0,0.0,598.0,0.0,0.0,0.0,0.0,0.0,0.0,0.0,0.0,0.0,0.0,0.0,0.0,0.0,139.0,0.0,0.0,0.0,0.0,0.0,0.0,0.0,0.0,0.0,0.0,0.0,0.0,0.0,0.0,0.0,0.0,0.0,0.0,0.0,0.0,0.0,0.0,0.0,0.0,0.0,0.0,0.0,0.0,0.0,0.0,0.0,0.0,0.0,0.0,0.0,0.0
136,2022-02-19,0.0,0.0,0.0,0.0,0.0,0.0,0.0,0.0,0.0,0.0,0.0,0.0,0.0,0.0,0.0,0.0,0.0,139.0,0.0,0.0,0.0,0.0,0.0,0.0,0.0,0.0,0.0,0.0,0.0,0.0,0.0,0.0,0.0,0.0,0.0,0.0,0.0,0.0,0.0,0.0,0.0,0.0,0.0,0.0,0.0,0.0,0.0,0.0,0.0,0.0,0.0,0.0,0.0,0.0
137,2022-02-20,0.0,0.0,0.0,0.0,0.0,0.0,0.0,0.0,0.0,0.0,0.0,0.0,0.0,0.0,0.0,0.0,0.0,0.0,0.0,0.0,0.0,0.0,0.0,0.0,0.0,0.0,0.0,0.0,0.0,0.0,0.0,0.0,0.0,0.0,0.0,0.0,0.0,0.0,0.0,0.0,319.0,0.0,0.0,0.0,0.0,0.0,0.0,0.0,0.0,0.0,0.0,0.0,0.0,0.0
138,2022-02-21,0.0,0.0,0.0,0.0,0.0,0.0,0.0,0.0,0.0,0.0,0.0,0.0,0.0,0.0,0.0,0.0,0.0,0.0,0.0,0.0,0.0,0.0,0.0,0.0,0.0,0.0,0.0,119.0,0.0,0.0,0.0,0.0,0.0,0.0,0.0,0.0,0.0,0.0,0.0,0.0,599.0,0.0,0.0,0.0,0.0,0.0,0.0,0.0,0.0,0.0,0.0,0.0,0.0,0.0
139,2022-02-22,0.0,0.0,0.0,1298.0,0.0,0.0,0.0,0.0,0.0,0.0,0.0,0.0,0.0,0.0,0.0,0.0,0.0,0.0,0.0,0.0,0.0,0.0,0.0,0.0,0.0,0.0,0.0,0.0,0.0,0.0,0.0,0.0,0.0,0.0,0.0,0.0,0.0,0.0,0.0,0.0,319.0,0.0,0.0,0.0,0.0,0.0,0.0,0.0,0.0,0.0,0.0,0.0,0.0,0.0
140,2022-02-23,0.0,0.0,0.0,1597.0,0.0,0.0,0.0,0.0,0.0,0.0,0.0,0.0,0.0,0.0,0.0,0.0,0.0,0.0,0.0,0.0,0.0,0.0,0.0,0.0,0.0,0.0,0.0,0.0,0.0,0.0,0.0,0.0,0.0,0.0,1998.0,0.0,0.0,0.0,0.0,0.0,899.0,0.0,0.0,0.0,0.0,0.0,0.0,0.0,0.0,0.0,0.0,0.0,0.0,0.0
141,2022-02-24,0.0,0.0,0.0,998.0,0.0,0.0,0.0,0.0,0.0,0.0,0.0,0.0,0.0,0.0,0.0,0.0,0.0,0.0,0.0,0.0,0.0,0.0,0.0,0.0,0.0,0.0,0.0,119.0,0.0,0.0,0.0,0.0,0.0,0.0,0.0,199.0,0.0,0.0,0.0,0.0,0.0,0.0,0.0,0.0,0.0,0.0,0.0,0.0,0.0,0.0,0.0,0.0,7481.0,0.0
142,2022-02-25,0.0,0.0,0.0,0.0,0.0,0.0,0.0,0.0,0.0,0.0,0.0,0.0,0.0,0.0,0.0,0.0,0.0,0.0,0.0,0.0,0.0,0.0,0.0,0.0,0.0,0.0,0.0,0.0,0.0,0.0,0.0,0.0,0.0,0.0,0.0,0.0,0.0,0.0,0.0,0.0,0.0,0.0,0.0,0.0,0.0,0.0,0.0,0.0,0.0,0.0,0.0,0.0,0.0,0.0
143,2022-02-26,0.0,0.0,0.0,0.0,0.0,0.0,0.0,0.0,0.0,0.0,0.0,0.0,0.0,0.0,25981.0,0.0,0.0,0.0,0.0,0.0,0.0,0.0,0.0,0.0,0.0,0.0,0.0,0.0,0.0,0.0,0.0,0.0,0.0,0.0,799.0,0.0,0.0,0.0,0.0,1.2,0.0,0.0,0.0,0.0,0.0,0.0,0.0,0.0,0.0,0.0,0.0,0.0,21180.0,0.0
144,2022-02-27,0.0,0.0,0.0,0.0,0.0,0.0,0.0,0.0,0.0,0.0,0.0,0.0,0.0,0.0,0.0,0.0,0.0,0.0,0.0,0.0,0.0,0.0,0.0,0.0,0.0,0.0,0.0,0.0,0.0,0.0,0.0,0.0,0.0,0.0,0.0,0.0,0.0,0.0,0.0,0.0,0.0,0.0,0.0,0.0,0.0,0.0,0.0,0.0,0.0,0.0,0.0,0.0,13399.0,0.0
145,2022-02-28,0.0,0.0,0.0,799.0,0.0,0.0,0.0,0.0,0.0,0.0,0.0,0.0,0.0,0.0,0.0,0.0,0.0,0.0,0.0,0.0,0.0,0.0,0.0,0.0,0.0,0.0,0.0,0.0,0.0,0.0,0.0,0.0,0.0,0.0,3995.0,0.0,0.0,0.0,0.0,0.0,0.0,0.0,0.0,699.0,0.0,0.0,0.0,0.0,0.0,0.0,0.0,0.0,0.0,0.0
146,2022-03-01,0.0,0.0,0.0,2199.0,0.0,0.0,0.0,0.0,0.0,0.0,0.0,0.0,0.0,0.0,0.0,0.0,0.0,0.0,0.0,0.0,0.0,0.0,0.0,0.0,0.0,0.0,0.0,0.0,0.0,0.0,0.0,0.0,0.0,0.0,0.0,0.0,0.0,0.0,0.0,0.0,0.0,0.0,0.0,0.0,0.0,0.0,0.0,0.0,0.0,0.0,0.0,0.0,0.0,0.0
147,2022-03-02,0.0,0.0,0.0,1999.0,0.0,0.0,0.0,0.0,0.0,0.0,0.0,0.0,0.0,0.0,0.0,0.0,0.0,0.0,0.0,0.0,0.0,0.0,0.0,0.0,0.0,0.0,0.0,0.0,0.0,0.0,0.0,0.0,0.0,0.0,0.0,0.0,0.0,0.0,0.0,0.0,0.0,0.0,0.0,0.0,0.0,0.0,0.0,0.0,0.0,0.0,0.0,0.0,0.0,0.0
148,2022-03-03,0.0,0.0,0.0,0.0,0.0,0.0,0.0,0.0,0.0,0.0,0.0,0.0,0.0,0.0,0.0,0.0,0.0,0.0,0.0,0.0,0.0,0.0,0.0,0.0,0.0,0.0,0.0,0.0,0.0,0.0,0.0,0.0,0.0,0.0,0.0,0.0,0.0,0.0,0.0,0.0,319.0,0.0,0.0,0.0,0.0,0.0,0.0,0.0,0.0,0.0,0.0,0.0,0.0,0.0
149,2022-03-04,0.0,0.0,0.0,2398.0,0.0,0.0,0.0,0.0,0.0,0.0,0.0,0.0,0.0,0.0,0.0,0.0,0.0,0.0,0.0,0.0,0.0,0.0,0.0,0.0,0.0,0.0,0.0,0.0,0.0,0.0,0.0,0.0,0.0,0.0,0.0,0.0,0.0,0.0,0.0,0.0,0.0,0.0,0.0,0.0,0.0,0.0,0.0,0.0,0.0,0.0,0.0,0.0,0.0,0.0
150,2022-03-05,0.0,0.0,0.0,399.0,0.0,0.0,0.0,0.0,0.0,0.0,0.0,0.0,0.0,0.0,0.0,0.0,0.0,0.0,0.0,0.0,0.0,0.0,0.0,0.0,0.0,0.0,0.0,0.0,0.0,0.0,0.0,0.0,0.0,0.0,0.0,0.0,0.0,0.0,0.0,0.0,2199.0,0.0,0.0,1398.0,0.0,0.0,0.0,0.0,0.0,0.0,0.0,0.0,0.0,0.0
151,2022-03-06,0.0,0.0,0.0,0.0,0.0,0.0,0.0,0.0,0.0,0.0,0.0,0.0,0.0,0.0,0.0,0.0,0.0,0.0,0.0,0.0,0.0,0.0,0.0,0.0,0.0,0.0,0.0,0.0,0.0,0.0,0.0,0.0,0.0,0.0,0.0,0.0,0.0,0.0,0.0,0.0,0.0,0.0,0.0,0.0,0.0,0.0,0.0,0.0,0.0,0.0,0.0,0.0,0.0,0.0
152,2022-03-07,0.0,0.0,0.0,0.0,0.0,0.0,0.0,0.0,0.0,0.0,0.0,0.0,0.0,0.0,0.0,0.0,0.0,0.0,0.0,0.0,0.0,0.0,0.0,0.0,0.0,0.0,0.0,0.0,0.0,0.0,0.0,0.0,0.0,0.0,0.0,0.0,0.0,0.0,0.0,0.0,1199.0,0.0,0.0,0.0,0.0,0.0,0.0,0.0,0.0,0.0,0.0,0.0,0.0,0.0
153,2022-03-08,0.0,0.0,0.0,0.0,0.0,0.0,0.0,0.0,0.0,0.0,0.0,0.0,0.0,0.0,0.0,0.0,0.0,0.0,0.0,0.0,0.0,0.0,0.0,0.0,0.0,0.0,0.0,0.0,0.0,0.0,0.0,0.0,0.0,0.0,0.0,0.0,0.0,0.0,0.0,0.0,0.0,0.0,0.0,0.0,0.0,0.0,0.0,0.0,0.0,0.0,0.0,0.0,0.0,0.0
154,2022-03-09,0.0,0.0,0.0,0.0,0.0,0.0,0.0,0.0,0.0,0.0,0.0,0.0,0.0,0.0,0.0,0.0,0.0,0.0,0.0,0.0,0.0,0.0,0.0,0.0,0.0,0.0,0.0,0.0,0.0,0.0,0.0,0.0,0.0,0.0,0.0,0.0,0.0,0.0,0.0,0.0,0.0,0.0,0.0,0.0,0.0,0.0,0.0,0.0,0.0,0.0,0.0,0.0,0.0,0.0
155,2022-03-10,0.0,0.0,0.0,0.0,0.0,0.0,0.0,0.0,0.0,0.0,0.0,0.0,0.0,0.0,0.0,0.0,0.0,0.0,0.0,0.0,0.0,0.0,0.0,0.0,0.0,0.0,0.0,0.0,0.0,0.0,0.0,0.0,0.0,0.0,0.0,0.0,0.0,0.0,0.0,0.0,0.0,0.0,0.0,0.0,0.0,0.0,0.0,0.0,0.0,0.0,0.0,0.0,0.0,0.0
156,2022-03-11,0.0,0.0,0.0,0.0,0.0,0.0,0.0,0.0,0.0,0.0,0.0,0.0,0.0,0.0,0.0,0.0,0.0,0.0,0.0,0.0,0.0,0.0,0.0,0.0,0.0,0.0,0.0,0.0,0.0,0.0,0.0,0.0,0.0,0.0,0.0,0.0,0.0,0.0,0.0,0.0,0.0,0.0,0.0,0.0,0.0,0.0,0.0,299.0,0.0,0.0,0.0,0.0,0.0,0.0
157,2022-03-12,0.0,0.0,0.0,10561.0,0.0,0.0,0.0,0.0,0.0,0.0,0.0,0.0,0.0,0.0,0.0,0.0,0.0,0.0,0.0,0.0,0.0,0.0,0.0,0.0,0.0,0.0,0.0,0.0,0.0,0.0,0.0,0.0,0.0,0.0,0.0,0.0,0.0,0.0,0.0,0.0,3998.0,0.0,0.0,0.0,0.0,0.0,0.0,0.0,0.0,0.0,0.0,0.0,0.0,0.0
158,2022-03-13,0.0,0.0,0.0,0.0,0.0,0.0,0.0,0.0,0.0,0.0,0.0,0.0,0.0,0.0,0.0,0.0,0.0,0.0,0.0,0.0,0.0,0.0,0.0,0.0,0.0,0.0,0.0,0.0,0.0,0.0,0.0,0.0,0.0,0.0,0.0,0.0,0.0,0.0,0.0,0.0,0.0,0.0,0.0,0.0,0.0,0.0,0.0,0.0,0.0,0.0,0.0,0.0,0.0,0.0
159,2022-03-14,0.0,0.0,0.0,0.0,0.0,0.0,0.0,0.0,0.0,0.0,0.0,0.0,0.0,0.0,0.0,0.0,0.0,0.0,0.0,0.0,0.0,0.0,0.0,0.0,0.0,0.0,0.0,0.0,0.0,0.0,0.0,0.0,0.0,0.0,0.0,0.0,0.0,0.0,0.0,0.0,1999.0,0.0,0.0,0.0,0.0,0.0,0.0,0.0,0.0,0.0,0.0,0.0,0.0,0.0
160,2022-03-15,0.0,0.0,0.0,0.0,0.0,0.0,0.0,0.0,0.0,0.0,0.0,0.0,0.0,0.0,0.0,0.0,0.0,0.0,0.0,0.0,0.0,0.0,0.0,0.0,0.0,0.0,0.0,0.0,0.0,0.0,0.0,0.0,0.0,0.0,0.0,0.0,0.0,0.0,0.0,0.0,0.0,0.0,0.0,0.0,0.0,0.0,0.0,0.0,0.0,0.0,0.0,0.0,0.0,0.0
161,2022-03-16,0.0,0.0,0.0,0.0,0.0,0.0,0.0,0.0,0.0,0.0,0.0,0.0,0.0,0.0,0.0,0.0,0.0,0.0,0.0,0.0,0.0,0.0,0.0,0.0,0.0,0.0,0.0,0.0,0.0,0.0,0.0,0.0,0.0,0.0,0.0,0.0,0.0,0.0,0.0,0.0,0.0,0.0,0.0,0.0,0.0,0.0,0.0,0.0,0.0,0.0,0.0,0.0,27398.0,0.0
162,2022-03-17,0.0,0.0,0.0,0.0,0.0,0.0,0.0,0.0,0.0,0.0,0.0,0.0,0.0,0.0,0.0,0.0,0.0,0.0,0.0,0.0,0.0,0.0,0.0,0.0,0.0,0.0,0.0,0.0,0.0,0.0,0.0,0.0,0.0,0.0,0.0,0.0,0.0,0.0,0.0,0.0,0.0,0.0,0.0,0.0,0.0,0.0,0.0,0.0,0.0,0.0,0.0,0.0,13699.0,0.0
163,2022-03-18,0.0,0.0,0.0,0.0,0.0,0.0,0.0,0.0,0.0,0.0,0.0,0.0,0.0,0.0,0.0,0.0,0.0,0.0,0.0,0.0,0.0,0.0,0.0,0.0,0.0,0.0,0.0,0.0,0.0,0.0,0.0,0.0,0.0,0.0,0.0,0.0,0.0,0.0,0.0,0.0,0.0,0.0,0.0,0.0,0.0,0.0,0.0,0.0,0.0,0.0,0.0,0.0,0.0,0.0
164,2022-03-19,0.0,0.0,0.0,999.0,0.0,0.0,0.0,0.0,0.0,0.0,0.0,0.0,0.0,0.0,0.0,0.0,0.0,0.0,0.0,0.0,0.0,0.0,0.0,0.0,0.0,0.0,0.0,0.0,0.0,0.0,0.0,0.0,0.0,0.0,0.0,0.0,0.0,0.0,0.0,0.0,2999.0,0.0,0.0,0.0,0.0,0.0,0.0,0.0,0.0,0.0,0.0,0.0,0.0,0.0
165,2022-03-20,0.0,0.0,0.0,0.0,0.0,0.0,0.0,0.0,0.0,0.0,0.0,0.0,0.0,0.0,0.0,0.0,0.0,0.0,0.0,0.0,0.0,0.0,0.0,0.0,0.0,0.0,0.0,0.0,0.0,0.0,0.0,0.0,0.0,0.0,0.0,0.0,0.0,0.0,0.0,0.0,0.0,0.0,0.0,0.0,0.0,0.0,0.0,0.0,0.0,0.0,0.0,0.0,0.0,0.0
166,2022-03-21,0.0,0.0,0.0,0.0,0.0,0.0,0.0,0.0,0.0,0.0,0.0,0.0,0.0,0.0,0.0,0.0,0.0,0.0,0.0,0.0,0.0,0.0,0.0,0.0,0.0,0.0,0.0,0.0,0.0,0.0,0.0,0.0,0.0,0.0,0.0,0.0,0.0,0.0,0.0,0.0,0.0,0.0,0.0,0.0,0.0,0.0,0.0,0.0,0.0,0.0,0.0,0.0,0.0,0.0
167,2022-03-22,0.0,0.0,0.0,0.0,0.0,0.0,0.0,0.0,0.0,0.0,0.0,0.0,0.0,0.0,0.0,0.0,0.0,139.0,0.0,0.0,0.0,0.0,0.0,0.0,0.0,0.0,0.0,0.0,0.0,0.0,0.0,0.0,0.0,0.0,0.0,0.0,0.0,0.0,0.0,0.0,0.0,0.0,0.0,0.0,0.0,0.0,0.0,0.0,0.0,0.0,0.0,0.0,0.0,0.0
168,2022-03-23,0.0,0.0,0.0,0.0,0.0,0.0,0.0,0.0,0.0,0.0,0.0,0.0,0.0,0.0,0.0,0.0,0.0,0.0,19999.0,0.0,0.0,0.0,1.2,0.0,0.0,0.0,0.0,0.0,0.0,0.0,0.0,0.0,0.0,0.0,0.0,0.0,0.0,0.0,0.0,0.0,0.0,0.0,0.0,0.0,0.0,0.0,0.0,0.0,0.0,0.0,0.0,0.0,0.0,0.0
169,2022-03-24,0.0,0.0,0.0,0.0,0.0,0.0,0.0,0.0,0.0,0.0,0.0,0.0,0.0,0.0,0.0,0.0,0.0,0.0,0.0,0.0,0.0,0.0,0.0,0.0,0.0,0.0,0.0,0.0,0.0,0.0,0.0,0.0,0.0,0.0,0.0,0.0,0.0,0.0,0.0,0.0,0.0,0.0,0.0,0.0,0.0,0.0,0.0,0.0,0.0,0.0,0.0,0.0,0.0,0.0
170,2022-03-25,0.0,0.0,0.0,0.0,0.0,0.0,0.0,0.0,0.0,0.0,0.0,0.0,0.0,0.0,0.0,0.0,0.0,0.0,0.0,0.0,0.0,0.0,0.0,0.0,0.0,0.0,0.0,0.0,0.0,0.0,0.0,0.0,0.0,0.0,0.0,0.0,0.0,0.0,0.0,0.0,0.0,0.0,0.0,0.0,0.0,0.0,0.0,0.0,0.0,0.0,0.0,0.0,0.0,0.0
171,2022-03-26,0.0,0.0,0.0,0.0,0.0,0.0,0.0,0.0,0.0,0.0,0.0,0.0,0.0,0.0,0.0,0.0,0.0,0.0,0.0,0.0,0.0,0.0,0.0,0.0,0.0,0.0,0.0,0.0,0.0,0.0,0.0,0.0,0.0,0.0,0.0,0.0,0.0,0.0,0.0,0.0,3599.0,0.0,0.0,499.0,0.0,0.0,0.0,0.0,0.0,0.0,0.0,0.0,0.0,0.0
172,2022-03-27,0.0,0.0,0.0,0.0,0.0,0.0,0.0,0.0,0.0,0.0,0.0,0.0,0.0,0.0,0.0,0.0,0.0,0.0,0.0,0.0,0.0,0.0,0.0,0.0,0.0,0.0,0.0,0.0,0.0,0.0,0.0,0.0,0.0,0.0,0.0,0.0,0.0,0.0,0.0,0.0,0.0,0.0,0.0,0.0,0.0,0.0,0.0,0.0,0.0,0.0,0.0,0.0,0.0,0.0
173,2022-03-28,0.0,0.0,0.0,0.0,0.0,0.0,0.0,0.0,0.0,0.0,0.0,0.0,0.0,0.0,0.0,0.0,0.0,0.0,0.0,0.0,0.0,0.0,0.0,0.0,0.0,0.0,0.0,0.0,0.0,0.0,0.0,0.0,0.0,0.0,0.0,0.0,0.0,0.0,0.0,0.0,0.0,0.0,0.0,0.0,0.0,0.0,0.0,0.0,0.0,0.0,0.0,0.0,7481.0,0.0
174,2022-03-29,0.0,0.0,0.0,0.0,0.0,0.0,0.0,0.0,0.0,0.0,0.0,0.0,0.0,0.0,0.0,0.0,0.0,0.0,0.0,0.0,0.0,0.0,0.0,0.0,0.0,0.0,0.0,0.0,0.0,0.0,0.0,0.0,0.0,0.0,0.0,0.0,0.0,0.0,0.0,0.0,0.0,0.0,0.0,0.0,0.0,0.0,0.0,0.0,0.0,0.0,0.0,0.0,0.0,0.0
175,2022-03-30,0.0,0.0,0.0,0.0,0.0,0.0,0.0,0.0,0.0,0.0,0.0,0.0,0.0,0.0,0.0,0.0,0.0,0.0,0.0,0.0,0.0,0.0,0.0,0.0,0.0,0.0,0.0,0.0,0.0,0.0,0.0,0.0,0.0,0.0,0.0,0.0,0.0,0.0,0.0,0.0,0.0,0.0,0.0,0.0,0.0,0.0,0.0,0.0,0.0,0.0,0.0,0.0,0.0,0.0
176,2022-03-31,0.0,0.0,0.0,0.0,0.0,0.0,0.0,0.0,0.0,0.0,0.0,0.0,0.0,0.0,0.0,0.0,0.0,0.0,0.0,0.0,0.0,0.0,0.0,0.0,0.0,0.0,0.0,0.0,0.0,0.0,0.0,0.0,0.0,0.0,0.0,0.0,0.0,0.0,0.0,0.0,0.0,0.0,0.0,0.0,0.0,0.0,0.0,0.0,0.0,0.0,4999.0,0.0,0.0,0.0
177,2022-04-01,12240136.76,0.0,385518.0,7763247.0,0.0,0.0,3937.0,26981.0,231.0,0.0,0.0,0.0,0.0,49583.0,2910647.0,1999.0,0.0,14068.0,7260736.0,0.0,0.0,12.0,303.6,1071082.0,1050605.0,1999.0,0.0,5847.0,4999.0,0.0,51996.0,142115.0,0.0,0.0,439328.0,4456.0,5981.0,482549.0,0.0,1575.8,3647388.0,30596.0,0.0,1001328.0,323993.0,0.0,7296.0,45105.0,0.0,626.0,544682.0,0.0,19539370.24,0.0
178,2022-04-02,23228962.54,0.0,418843.0,7565845.2,0.0,0.0,9611.0,47996.0,12.0,0.0,0.0,0.0,0.0,72174.0,5514646.0,0.0,0.0,5143.0,9568093.0,0.0,2.4,13.2,349.2,2099818.0,1792432.0,2638.0,0.0,2508.0,0.0,0.0,77994.0,288811.0,169999.0,0.0,391076.0,6297.0,0.0,236181.0,0.0,6113.6,5175999.0,28995.0,0.0,1352428.0,1257307.0,0.0,799.0,41348.0,0.0,953.4,422501.0,0.0,39449959.46,0.0
179,2022-04-03,5591738.82,0.0,101539.0,944839.0,0.0,0.0,1079.0,0.0,0.0,0.0,0.0,0.0,0.0,14795.0,719781.0,0.0,1998.0,1390.0,2592362.0,0.0,0.0,3.6,49.2,673886.0,367572.0,0.0,0.0,238.0,4999.0,0.0,0.0,22574.0,0.0,0.0,68446.0,399.0,4199.0,155867.0,0.0,918.6,1126136.0,11598.0,0.0,159020.0,231989.0,0.0,5697.0,8402.0,0.0,612.8,69185.0,0.0,6575615.18,0.0
180,2022-04-04,23601437.06,0.0,393788.0,7233514.0,0.0,0.0,10952.0,213301.0,3.0,73999.0,0.0,0.0,7525.0,87769.0,5568801.0,999.0,999.0,12552.0,6387106.0,0.0,0.0,18.0,244.8,2376133.0,1163890.0,1999.0,0.0,7938.0,0.0,0.0,51996.0,189060.0,999.0,0.0,516965.0,1438.0,22394.0,395462.0,0.0,713.6,4660433.0,18796.0,0.0,1334818.0,448752.0,0.0,8694.0,41714.0,0.0,1526.6,404904.0,0.0,38607654.94,7995.0
181,2022-04-05,29180257.98,19860.0,500267.0,3271257.0,399.0,0.0,9611.0,108958.0,0.0,0.0,0.0,11999.0,0.0,72574.0,4402915.0,0.0,0.0,22603.0,6590070.0,0.0,1.2,15.6,241.2,1667913.0,1739506.0,5758.0,0.0,4461.0,4999.0,0.0,64995.0,151388.0,0.0,0.0,484415.0,21535.0,4199.0,713999.0,0.0,1572.2,5444885.0,76786.0,0.0,1024764.0,569506.0,0.0,8096.0,50899.0,0.0,1544.6,810414.0,0.0,53286957.02,7995.0
182,2022-04-06,7465904.46,23170.0,341342.0,7185732.52,0.0,0.0,7673.0,63281.0,84.0,0.0,0.0,0.0,0.0,82170.0,4409477.0,0.0,0.0,141225.0,5134405.0,0.0,0.0,16.8,207.6,1201987.0,1140881.0,0.0,1999.0,6965.0,33995.0,0.0,25998.0,237114.0,0.0,0.0,617371.0,4809.0,4199.0,360004.0,0.0,1561.4,4987022.0,100782.0,0.0,1783687.0,574562.0,0.0,7894.0,143284.0,0.0,626.0,1210904.0,0.0,37692131.54,0.0
183,2022-04-07,10154024.0,18205.0,334086.0,5423230.56,0.0,0.0,6274.0,0.0,24.0,0.0,0.0,0.0,15050.0,54180.0,5267227.0,0.0,0.0,44204.0,8460011.0,0.0,0.0,7.199999999999999,270.0,2124071.0,1424719.0,0.0,2999.0,8295.0,7999.0,0.0,90993.0,118424.0,73999.0,0.0,449052.0,13958.0,0.0,99517.0,0.0,1589.0,4143299.0,67188.0,0.0,1039904.0,1345540.0,0.0,13193.0,57301.0,0.0,339.4,930192.0,0.0,45095021.0,0.0
184,2022-04-08,17397269.0,11585.0,272127.0,3764743.0,0.0,0.0,1079.0,26981.0,6.0,0.0,0.0,0.0,0.0,39584.0,5088787.0,999.0,999.0,28159.0,7249152.0,0.0,0.0,7.199999999999999,254.4,1804167.0,1882672.0,1999.0,0.0,7237.0,5999.0,0.0,25998.0,129032.0,0.0,0.0,410817.0,10815.0,26198.0,593121.0,0.0,3073.6,5338307.0,34993.0,0.0,883456.0,748694.0,0.0,9993.0,55659.0,0.0,3040.0,964363.0,0.0,73339089.0,0.0
185,2022-04-09,19131143.0,47995.0,760665.0,4251150.0,0.0,0.0,10290.0,77340.0,9.0,0.0,0.0,11999.0,0.0,25790.0,6240576.0,999.0,0.0,27080.0,10054949.0,0.0,2.4,18.0,362.4,1735942.0,1638808.0,0.0,0.0,6070.0,4999.0,0.0,0.0,133975.0,0.0,3999.0,416308.0,1197.0,5981.0,277945.0,0.0,392.2,6430360.0,39193.0,0.0,908648.0,668674.0,0.0,21982.0,43685.0,0.0,629.6,1122308.0,0.0,82813834.0,0.0
186,2022-04-10,3529917.0,11585.0,50178.0,13225936.0,0.0,0.0,3237.0,23998.0,0.0,0.0,0.0,0.0,0.0,8197.0,1353258.0,999.0,1998.0,48573.0,2845755.0,0.0,0.0,9.6,122.4,247998.0,296811.0,0.0,0.0,2399.0,4999.0,0.0,12999.0,71914.0,0.0,0.0,2032122.0,0.0,0.0,122377.0,0.0,624.8,1550051.0,11198.0,0.0,1388873.0,207957.0,0.0,8392.0,29087.0,0.0,304.6,153364.0,0.0,7051183.0,0.0
187,2022-04-11,12189122.0,33100.0,448860.0,5495961.0,0.0,698.0,4316.0,0.0,69.0,0.0,0.0,601.0,0.0,14594.0,4112150.0,10781.0,0.0,209149.0,4616463.0,0.0,0.0,8.4,175.2,1776581.0,1312331.0,9195.0,0.0,13276.0,4999.0,0.0,12999.0,230009.0,0.0,0.0,4169647.0,5490.0,0.0,206741.0,0.0,1862.4,5528353.0,61589.0,0.0,1486254.0,561847.0,0.0,15685.0,118116.0,0.0,1231.6,1404282.0,0.0,27521684.0,0.0
188,2022-04-12,13258658.0,24825.0,368220.0,4753602.0,0.0,0.0,5295.0,73979.0,0.0,92999.0,0.0,0.0,7525.0,27389.0,5882202.0,69981.0,0.0,79198.0,9097574.0,0.0,2.4,18.0,357.6,2422025.0,1735050.0,3598.0,0.0,10521.0,7999.0,0.0,77994.0,112547.0,0.0,0.0,1540328.0,14177.0,0.0,318300.0,0.0,1286.8,5363195.0,37574.0,0.0,937030.0,547332.0,0.0,19289.0,50690.0,0.0,1843.2,1116310.0,0.0,29409275.0,0.0
189,2022-04-13,16549865.0,47995.0,427005.0,4114365.0,0.0,0.0,979.0,45380.0,0.0,92999.0,0.0,0.0,0.0,7997.0,5469812.0,0.0,0.0,44354.0,8181616.0,0.0,0.0,14.4,284.4,1453433.0,1426814.0,7797.0,0.0,6402.0,9998.0,0.0,64995.0,105719.0,0.0,0.0,1585654.0,24243.0,4199.0,383863.0,0.0,2194.6,5198831.0,37391.0,0.0,753535.0,353320.0,0.0,8393.0,54180.0,0.0,2134.6,1535216.0,0.0,29299128.0,0.0
190,2022-04-14,16195201.0,33100.0,431982.0,8734012.0,0.0,0.0,4656.0,54924.0,0.0,71981.0,0.0,0.0,0.0,24390.0,5260146.0,1998.0,999.0,36985.0,24928528.0,0.0,0.0,16.8,954.0,2061041.0,2210192.0,1999.0,0.0,5878.0,0.0,0.0,25998.0,77224.0,622996.0,0.0,1654520.0,2297.0,4199.0,192880.0,0.0,3383.0,4378269.0,41992.0,0.0,680806.0,669333.0,0.0,12092.0,35030.0,0.0,641.6,930176.0,0.0,38369312.0,7995.0
191,2022-04-15,18199129.0,47995.0,338742.0,9225753.9,0.0,0.0,2158.0,45980.0,0.0,0.0,1.2,0.0,0.0,32188.0,7470482.0,0.0,0.0,15220.0,17820650.0,0.0,1.2,10.8,602.4,2725855.0,1887770.0,1999.0,0.0,3692.0,7999.0,0.0,64995.0,141823.0,331999.0,0.0,381363.0,1596.0,0.0,700544.0,0.0,3380.6,4339412.0,10395.0,0.0,826556.0,360773.0,0.0,14090.0,22683.0,0.0,935.4,813868.0,0.0,67529171.0,0.0
192,2022-04-16,23396047.0,57925.0,287637.0,4238452.0,0.0,0.0,2696.0,146321.0,0.0,141998.0,0.0,0.0,15050.0,11395.0,8415522.0,0.0,1998.0,18849.0,10261210.0,0.0,0.0,19.2,289.2,4192965.0,2625976.0,0.0,0.0,3634.0,25996.0,0.0,51996.0,128897.0,679996.0,0.0,361481.0,17472.0,8398.0,528970.0,0.0,2487.2,4279982.0,18396.0,0.0,984505.0,676588.0,0.0,5395.0,24663.0,0.0,943.8,1027015.0,0.0,74793899.0,0.0
193,2022-04-17,9146073.0,14895.0,80977.0,13119449.0,0.0,0.0,979.0,0.0,0.0,0.0,0.0,0.0,0.0,2399.0,2752636.0,0.0,0.0,20184.0,5814284.0,0.0,0.0,1.2,218.4,1674145.0,988291.0,0.0,0.0,0.0,0.0,0.0,12999.0,68133.0,186998.0,0.0,1328409.0,1398.0,6981.0,197957.0,0.0,943.8,1494948.0,5799.0,0.0,767505.0,567586.0,0.0,1598.0,18458.0,0.0,616.4,395910.0,0.0,19399862.0,7995.0
194,2022-04-18,24487594.0,57925.0,425949.0,2087163.0,0.0,0.0,9133.0,33398.0,0.0,279801.0,0.0,0.0,0.0,25990.0,7054976.0,0.0,999.0,57785.0,9471556.0,0.0,3.6,6.0,190.8,3684964.0,2567487.0,0.0,0.0,3692.0,7999.0,0.0,64995.0,98929.0,1392971.0,0.0,377673.0,9059.0,5001.0,513572.0,0.0,960.6,3835344.0,14362.0,0.0,1011010.0,1207085.0,0.0,7095.0,31574.0,0.0,939.0,1106755.0,0.0,73894954.0,0.0
195,2022-04-19,25511223.0,26480.0,384878.0,5019854.0,0.0,0.0,0.0,69978.0,0.0,0.0,0.0,0.0,15050.0,17993.0,8299152.0,0.0,0.0,31092.0,9489489.0,0.0,0.0,12.0,152.4,4759924.0,2457401.0,1999.0,0.0,2392.0,9998.0,0.0,51996.0,197929.0,550978.0,0.0,391660.0,2217.0,0.0,717486.0,0.0,4286.0,4647938.0,3881.0,0.0,661269.0,733919.0,0.0,3196.0,29952.0,0.0,1234.0,987265.0,0.0,100707428.0,0.0
196,2022-04-20,28583320.0,0.0,224145.0,3858799.0,0.0,0.0,1619.0,94377.0,0.0,167998.0,0.0,0.0,22575.0,19392.0,10236920.0,999.0,1998.0,23307.0,10150355.0,5999.0,0.0,6.0,136.79999999999998,5539619.0,3200500.0,0.0,2999.0,0.0,0.0,0.0,51996.0,106460.0,317997.0,0.0,343048.0,2517.0,4199.0,702212.0,0.0,1289.2,4500456.0,17397.0,0.0,666934.0,566262.0,0.0,9855.0,30200.0,0.0,632.0,1583713.0,0.0,119249622.0,15990.0
197,2022-04-21,32013818.0,26480.0,756437.0,3603830.0,0.0,0.0,1079.0,91923.0,0.0,0.0,0.0,0.0,0.0,25190.0,10263753.0,0.0,0.0,31833.0,11196545.0,0.0,1.2,8.4,171.6,5279022.0,3782972.0,0.0,0.0,4688.0,0.0,7591.0,38997.0,158525.0,534788.0,0.0,449424.0,998.0,4199.0,877336.0,0.0,2795.4,4286178.0,30377.0,0.0,913047.0,1532584.0,0.0,7995.0,30711.0,0.0,3336.2,1082314.0,0.0,116691954.0,0.0
198,2022-04-22,32376212.0,14895.0,415592.9,2733763.0,0.0,0.0,0.0,75960.0,0.0,92999.0,0.0,0.0,7525.0,24191.0,11454041.0,0.0,999.0,25581.0,12612075.1,0.0,8.4,10.8,169.2,7176313.0,3231797.0,0.0,0.0,3811.0,20997.0,0.0,25998.0,74808.0,562995.0,0.0,694651.0,26121.0,4199.0,768116.0,0.0,7900.4,4675752.0,24578.0,0.0,631714.0,1489572.0,0.0,3995.0,21398.0,0.0,1833.6,5154673.0,0.0,144446705.0,0.0
199,2022-04-23,34064150.0,9930.0,529198.54,2696040.0,0.0,0.0,0.0,144903.0,0.0,92999.0,0.0,0.0,7525.0,27390.0,13437614.0,0.0,1998.0,16927.0,15926833.46,0.0,4.8,38.4,254.4,8123498.0,4613391.0,3998.0,9801.0,2264.0,0.0,0.0,64995.0,136201.0,899932.0,0.0,681410.0,918.0,0.0,668631.0,0.0,6710.8,4972029.0,24578.0,0.0,517051.0,1871497.0,0.0,9430.0,16254.0,0.0,2740.2,4112419.0,0.0,163615145.0,0.0
200,2022-04-24,8125632.0,0.0,177976.0,4165940.0,0.0,0.0,0.0,47980.0,0.0,0.0,0.0,0.0,0.0,0.0,3578497.0,0.0,0.0,892.0,6868930.0,0.0,1.2,8.4,172.79999999999998,2660252.0,846688.0,0.0,0.0,0.0,4999.0,0.0,0.0,36050.0,112999.0,0.0,685324.0,7562.0,0.0,437177.0,0.0,911.4,1130461.0,0.0,0.0,845964.0,397403.0,0.0,799.0,7299.0,0.0,606.8,817978.0,0.0,43627490.0,0.0
201,2022-04-25,908771.0,0.0,0.0,134431.0,0.0,0.0,0.0,0.0,0.0,0.0,0.0,0.0,0.0,0.0,283068.0,0.0,0.0,178.0,963538.0,0.0,0.0,1.2,12.0,128498.0,246867.0,0.0,0.0,0.0,0.0,0.0,0.0,1432.0,0.0,0.0,14493.0,0.0,0.0,24899.0,0.0,304.6,208301.0,0.0,0.0,31077.0,135800.0,0.0,0.0,398.0,0.0,0.0,15196.0,0.0,6524075.0,0.0
202,2022-04-26,817772.0,0.0,0.0,12160.0,0.0,0.0,0.0,0.0,0.0,0.0,0.0,0.0,0.0,0.0,233686.0,0.0,0.0,198.0,330990.0,0.0,0.0,0.0,0.0,69981.0,82943.0,0.0,0.0,0.0,0.0,0.0,0.0,219.0,0.0,0.0,8995.0,0.0,0.0,0.0,0.0,301.0,34018.0,0.0,0.0,4594.0,0.0,0.0,0.0,199.0,0.0,0.0,3599.0,0.0,1867003.0,0.0
203,2022-04-27,73981.0,0.0,0.0,7896.0,0.0,0.0,0.0,0.0,3.0,0.0,0.0,0.0,0.0,0.0,0.0,0.0,0.0,297.0,195996.0,0.0,0.0,0.0,1.2,85999.0,67382.0,0.0,0.0,0.0,0.0,0.0,0.0,0.0,0.0,0.0,0.0,0.0,0.0,33199.0,0.0,0.0,21116.0,0.0,0.0,1038.0,0.0,0.0,0.0,199.0,0.0,0.0,7998.0,0.0,1085336.0,0.0
204,2022-04-28,252942.0,0.0,0.0,39579.0,0.0,0.0,0.0,0.0,0.0,0.0,0.0,0.0,0.0,0.0,35981.0,0.0,0.0,99.0,210977.0,0.0,0.0,0.0,2.4,119962.0,112924.0,0.0,0.0,0.0,0.0,0.0,0.0,0.0,0.0,0.0,3599.0,0.0,0.0,0.0,0.0,0.0,7498.0,0.0,0.0,519.0,0.0,0.0,0.0,0.0,0.0,0.0,0.0,0.0,1414222.0,0.0
205,2022-04-29,138962.0,0.0,7999.0,1799.0,0.0,0.0,0.0,0.0,0.0,0.0,0.0,0.0,0.0,0.0,127143.0,0.0,0.0,198.0,0.0,0.0,0.0,0.0,0.0,0.0,87943.0,0.0,0.0,0.0,0.0,0.0,0.0,159.0,0.0,0.0,0.0,0.0,0.0,0.0,0.0,0.0,36999.0,0.0,0.0,3275.0,0.0,0.0,0.0,0.0,0.0,0.0,3599.0,0.0,863301.0,0.0
206,2022-04-30,0.0,0.0,0.0,3600.0,0.0,0.0,0.0,0.0,0.0,0.0,0.0,0.0,0.0,0.0,0.0,0.0,0.0,178.0,138996.0,0.0,0.0,0.0,1.2,0.0,66782.0,0.0,0.0,0.0,0.0,0.0,0.0,519.0,0.0,0.0,0.0,0.0,0.0,29799.0,0.0,0.0,9999.0,5999.0,0.0,4951.0,0.0,0.0,0.0,0.0,0.0,0.0,0.0,0.0,76980.0,0.0
207,2022-05-01,73981.0,0.0,0.0,72656.0,0.0,0.0,0.0,0.0,0.0,0.0,0.0,0.0,0.0,0.0,29981.0,0.0,0.0,0.0,19999.0,0.0,0.0,0.0,1.2,0.0,31981.0,0.0,0.0,0.0,0.0,0.0,0.0,0.0,0.0,0.0,66969.0,0.0,0.0,0.0,0.0,0.0,2657.0,0.0,0.0,599.0,0.0,0.0,0.0,0.0,0.0,0.0,0.0,0.0,99942.0,0.0
208,2022-05-02,59981.0,0.0,0.0,4403.0,0.0,0.0,0.0,0.0,0.0,0.0,0.0,0.0,0.0,0.0,52381.0,0.0,0.0,99.0,110980.0,0.0,0.0,0.0,1.2,0.0,0.0,0.0,0.0,0.0,0.0,0.0,0.0,179.0,0.0,0.0,0.0,0.0,0.0,0.0,0.0,0.0,3298.0,0.0,0.0,2736.0,0.0,0.0,0.0,0.0,0.0,0.0,0.0,0.0,25981.0,0.0
209,2022-05-03,0.0,0.0,0.0,399.0,0.0,0.0,0.0,0.0,0.0,0.0,0.0,0.0,0.0,0.0,0.0,0.0,0.0,0.0,27999.0,0.0,0.0,0.0,0.0,0.0,0.0,0.0,0.0,0.0,0.0,0.0,0.0,0.0,0.0,0.0,0.0,0.0,0.0,0.0,0.0,0.0,1621.0,0.0,0.0,1078.0,0.0,0.0,0.0,199.0,0.0,0.0,0.0,0.0,55163.0,0.0
210,2022-05-04,0.0,0.0,0.0,0.0,0.0,0.0,0.0,0.0,0.0,0.0,0.0,0.0,0.0,0.0,0.0,0.0,0.0,0.0,27999.0,0.0,0.0,0.0,0.0,0.0,0.0,0.0,0.0,0.0,0.0,0.0,0.0,499.0,0.0,0.0,0.0,0.0,0.0,0.0,0.0,0.0,0.0,0.0,0.0,7067.0,0.0,0.0,0.0,0.0,0.0,0.0,0.0,0.0,20999.0,0.0
211,2022-05-05,0.0,0.0,0.0,0.0,0.0,0.0,0.0,0.0,0.0,0.0,0.0,0.0,0.0,0.0,40781.0,0.0,0.0,99.0,0.0,0.0,0.0,0.0,0.0,0.0,0.0,0.0,0.0,0.0,0.0,0.0,0.0,418.0,0.0,0.0,999.0,0.0,0.0,0.0,0.0,0.0,0.0,0.0,0.0,1138.0,0.0,0.0,0.0,0.0,0.0,0.0,0.0,0.0,81998.0,0.0
212,2022-05-06,0.0,0.0,0.0,0.0,0.0,0.0,0.0,0.0,0.0,0.0,0.0,0.0,0.0,0.0,0.0,0.0,0.0,0.0,0.0,0.0,0.0,0.0,0.0,0.0,0.0,0.0,0.0,0.0,0.0,0.0,0.0,219.0,0.0,0.0,3397.0,0.0,0.0,0.0,0.0,0.0,679.0,0.0,0.0,539.0,0.0,0.0,0.0,0.0,0.0,0.0,0.0,0.0,90478.0,0.0
213,2022-05-07,63981.0,0.0,0.0,299.0,0.0,0.0,0.0,0.0,0.0,0.0,0.0,0.0,0.0,0.0,0.0,0.0,0.0,0.0,22999.0,0.0,0.0,1.2,0.0,0.0,0.0,0.0,0.0,0.0,0.0,0.0,0.0,0.0,0.0,0.0,0.0,0.0,0.0,0.0,0.0,0.0,16537.0,0.0,0.0,599.0,0.0,0.0,0.0,0.0,0.0,0.0,0.0,0.0,11201.0,0.0
214,2022-05-08,0.0,0.0,0.0,0.0,0.0,0.0,0.0,0.0,0.0,0.0,0.0,0.0,0.0,0.0,0.0,0.0,0.0,0.0,0.0,0.0,0.0,0.0,0.0,0.0,0.0,0.0,0.0,0.0,0.0,0.0,0.0,0.0,0.0,0.0,0.0,0.0,0.0,0.0,0.0,0.0,2338.0,0.0,0.0,2156.0,0.0,0.0,0.0,0.0,0.0,0.0,0.0,0.0,39999.0,0.0
215,2022-05-09,0.0,0.0,0.0,0.0,0.0,0.0,0.0,0.0,0.0,0.0,0.0,0.0,0.0,0.0,0.0,0.0,0.0,0.0,0.0,0.0,0.0,0.0,0.0,0.0,0.0,0.0,0.0,0.0,0.0,0.0,0.0,0.0,0.0,0.0,0.0,0.0,0.0,0.0,0.0,0.0,0.0,0.0,0.0,1118.0,0.0,0.0,0.0,0.0,0.0,0.0,0.0,0.0,11201.0,0.0
216,2022-05-10,0.0,0.0,0.0,14201.0,0.0,0.0,0.0,0.0,0.0,0.0,0.0,0.0,0.0,0.0,0.0,0.0,0.0,0.0,0.0,0.0,0.0,0.0,0.0,0.0,0.0,0.0,0.0,0.0,0.0,0.0,0.0,579.0,0.0,0.0,999.0,0.0,0.0,0.0,0.0,0.0,899.0,0.0,0.0,5212.0,0.0,0.0,0.0,0.0,0.0,0.0,0.0,0.0,178200.0,0.0
217,2022-05-11,0.0,0.0,0.0,399.0,0.0,0.0,0.0,0.0,0.0,0.0,0.0,0.0,0.0,0.0,0.0,0.0,0.0,0.0,49998.0,0.0,0.0,0.0,1.2,0.0,31981.0,0.0,0.0,0.0,0.0,0.0,0.0,0.0,0.0,0.0,0.0,0.0,0.0,0.0,0.0,0.0,0.0,0.0,0.0,1158.0,127801.0,0.0,0.0,0.0,0.0,0.0,0.0,0.0,69998.0,0.0
218,2022-05-12,0.0,0.0,0.0,0.0,0.0,0.0,0.0,0.0,0.0,0.0,0.0,0.0,0.0,0.0,0.0,0.0,0.0,0.0,0.0,0.0,0.0,0.0,0.0,0.0,0.0,0.0,0.0,0.0,0.0,0.0,0.0,0.0,0.0,0.0,0.0,0.0,0.0,0.0,0.0,0.0,0.0,0.0,0.0,1118.0,0.0,0.0,0.0,0.0,0.0,0.0,0.0,0.0,0.0,0.0
219,2022-05-13,0.0,0.0,0.0,559.0,0.0,0.0,0.0,0.0,0.0,0.0,0.0,0.0,0.0,0.0,0.0,0.0,0.0,0.0,0.0,0.0,0.0,0.0,0.0,0.0,0.0,0.0,0.0,0.0,0.0,0.0,0.0,0.0,0.0,0.0,1099.0,0.0,0.0,0.0,0.0,0.0,0.0,0.0,0.0,599.0,0.0,0.0,0.0,0.0,0.0,0.0,0.0,0.0,33462.0,0.0
220,2022-05-14,0.0,0.0,0.0,251.0,0.0,0.0,0.0,0.0,0.0,0.0,0.0,0.0,0.0,0.0,0.0,0.0,0.0,0.0,0.0,0.0,0.0,0.0,0.0,0.0,0.0,0.0,0.0,0.0,0.0,0.0,0.0,0.0,0.0,0.0,0.0,0.0,0.0,0.0,0.0,0.0,0.0,0.0,0.0,0.0,0.0,0.0,0.0,0.0,0.0,0.0,0.0,0.0,80998.0,0.0
221,2022-05-15,0.0,0.0,0.0,0.0,0.0,0.0,0.0,0.0,0.0,0.0,0.0,0.0,0.0,0.0,0.0,0.0,0.0,0.0,0.0,0.0,0.0,0.0,0.0,0.0,0.0,0.0,0.0,0.0,0.0,0.0,0.0,0.0,0.0,0.0,6398.0,0.0,0.0,0.0,0.0,0.0,0.0,0.0,0.0,799.0,0.0,0.0,0.0,0.0,0.0,0.0,0.0,0.0,0.0,0.0
222,2022-05-16,0.0,0.0,0.0,3600.0,0.0,0.0,0.0,0.0,0.0,0.0,0.0,0.0,0.0,0.0,0.0,0.0,0.0,0.0,0.0,0.0,0.0,0.0,0.0,0.0,0.0,0.0,0.0,0.0,0.0,0.0,0.0,0.0,0.0,0.0,0.0,0.0,0.0,0.0,0.0,0.0,1399.0,0.0,0.0,0.0,0.0,0.0,0.0,0.0,0.0,0.0,0.0,0.0,11201.0,0.0
223,2022-05-17,0.0,0.0,0.0,0.0,0.0,0.0,0.0,0.0,0.0,0.0,0.0,0.0,0.0,0.0,0.0,0.0,0.0,0.0,0.0,0.0,0.0,0.0,0.0,0.0,0.0,0.0,0.0,0.0,0.0,0.0,0.0,0.0,0.0,0.0,0.0,0.0,0.0,0.0,0.0,0.0,699.0,0.0,0.0,3274.0,0.0,0.0,0.0,0.0,0.0,0.0,0.0,0.0,71998.0,0.0
224,2022-05-18,0.0,0.0,0.0,0.0,0.0,0.0,0.0,0.0,3.0,0.0,0.0,0.0,0.0,0.0,0.0,0.0,0.0,0.0,0.0,0.0,0.0,0.0,0.0,0.0,0.0,0.0,0.0,0.0,0.0,0.0,0.0,0.0,0.0,0.0,0.0,0.0,0.0,0.0,0.0,0.0,0.0,0.0,0.0,0.0,0.0,0.0,0.0,0.0,0.0,0.0,0.0,0.0,0.0,0.0
225,2022-05-19,0.0,0.0,0.0,599.0,0.0,0.0,0.0,0.0,0.0,0.0,0.0,0.0,0.0,0.0,0.0,0.0,0.0,0.0,0.0,0.0,0.0,0.0,0.0,0.0,0.0,0.0,0.0,0.0,0.0,0.0,0.0,0.0,0.0,0.0,0.0,0.0,0.0,0.0,0.0,0.0,699.0,0.0,0.0,579.0,0.0,0.0,0.0,0.0,0.0,0.0,0.0,0.0,0.0,0.0
226,2022-05-20,0.0,0.0,0.0,0.0,0.0,0.0,0.0,0.0,0.0,0.0,0.0,0.0,0.0,0.0,0.0,0.0,0.0,0.0,0.0,0.0,0.0,0.0,0.0,0.0,0.0,0.0,0.0,0.0,0.0,0.0,0.0,0.0,0.0,0.0,0.0,0.0,0.0,0.0,0.0,0.0,1139.0,0.0,0.0,1138.0,0.0,0.0,0.0,0.0,0.0,0.0,0.0,0.0,14399.0,0.0
227,2022-05-21,0.0,0.0,0.0,1999.0,0.0,0.0,0.0,0.0,0.0,0.0,0.0,0.0,0.0,0.0,0.0,0.0,0.0,0.0,0.0,0.0,0.0,0.0,0.0,0.0,0.0,0.0,0.0,0.0,0.0,0.0,0.0,0.0,0.0,0.0,0.0,0.0,0.0,0.0,0.0,0.0,0.0,0.0,0.0,2596.0,0.0,0.0,0.0,0.0,0.0,0.0,0.0,0.0,0.0,0.0
228,2022-05-22,0.0,0.0,0.0,1799.0,0.0,0.0,0.0,0.0,0.0,0.0,0.0,0.0,0.0,0.0,0.0,0.0,0.0,0.0,0.0,0.0,0.0,0.0,0.0,0.0,0.0,0.0,0.0,0.0,0.0,0.0,0.0,0.0,0.0,0.0,0.0,0.0,0.0,0.0,0.0,0.0,1139.0,0.0,0.0,2715.0,0.0,0.0,0.0,0.0,0.0,0.0,0.0,0.0,0.0,0.0
229,2022-05-23,0.0,0.0,0.0,0.0,0.0,0.0,0.0,0.0,0.0,0.0,0.0,0.0,0.0,0.0,0.0,0.0,0.0,0.0,0.0,0.0,0.0,0.0,0.0,0.0,0.0,0.0,0.0,0.0,0.0,0.0,0.0,0.0,0.0,0.0,0.0,0.0,0.0,0.0,0.0,0.0,0.0,0.0,0.0,1158.0,0.0,0.0,0.0,199.0,0.0,0.0,3199.0,0.0,0.0,0.0
230,2022-05-24,0.0,0.0,0.0,0.0,0.0,0.0,0.0,0.0,0.0,0.0,0.0,0.0,0.0,0.0,0.0,0.0,0.0,0.0,0.0,0.0,0.0,0.0,0.0,0.0,0.0,0.0,0.0,0.0,0.0,0.0,0.0,0.0,0.0,0.0,0.0,0.0,0.0,0.0,0.0,0.0,2939.0,0.0,0.0,539.0,0.0,0.0,0.0,199.0,0.0,0.0,0.0,0.0,0.0,0.0
231,2022-05-25,0.0,0.0,0.0,1799.0,0.0,0.0,0.0,0.0,0.0,0.0,0.0,0.0,0.0,0.0,0.0,0.0,0.0,0.0,0.0,0.0,0.0,0.0,0.0,0.0,0.0,0.0,0.0,0.0,0.0,0.0,0.0,0.0,0.0,0.0,0.0,0.0,0.0,0.0,0.0,0.0,4497.0,0.0,0.0,579.0,0.0,0.0,0.0,0.0,0.0,0.0,0.0,0.0,16981.0,0.0
232,2022-05-26,0.0,0.0,0.0,0.0,0.0,0.0,0.0,0.0,0.0,0.0,0.0,0.0,0.0,2299.0,0.0,0.0,0.0,0.0,0.0,0.0,0.0,0.0,0.0,0.0,0.0,0.0,0.0,0.0,0.0,0.0,0.0,199.0,0.0,0.0,0.0,0.0,0.0,0.0,0.0,0.0,0.0,0.0,0.0,579.0,0.0,0.0,0.0,398.0,0.0,0.0,0.0,0.0,14399.0,0.0
233,2022-05-27,0.0,0.0,0.0,0.0,0.0,0.0,0.0,0.0,0.0,0.0,0.0,0.0,0.0,0.0,0.0,0.0,0.0,0.0,0.0,0.0,0.0,0.0,0.0,0.0,0.0,0.0,0.0,0.0,0.0,0.0,0.0,0.0,0.0,0.0,999.0,0.0,0.0,0.0,0.0,0.0,0.0,0.0,0.0,1158.0,0.0,0.0,0.0,0.0,0.0,0.0,0.0,0.0,0.0,0.0
234,2022-05-28,0.0,0.0,0.0,0.0,0.0,0.0,0.0,0.0,0.0,0.0,0.0,0.0,0.0,0.0,0.0,0.0,0.0,0.0,0.0,0.0,0.0,0.0,0.0,0.0,0.0,0.0,0.0,0.0,0.0,0.0,0.0,0.0,0.0,0.0,0.0,0.0,0.0,0.0,0.0,0.0,0.0,0.0,0.0,0.0,0.0,0.0,0.0,0.0,0.0,0.0,0.0,0.0,0.0,0.0
235,2022-05-29,0.0,0.0,0.0,0.0,0.0,0.0,0.0,0.0,0.0,0.0,0.0,0.0,0.0,0.0,0.0,0.0,0.0,0.0,0.0,0.0,0.0,0.0,0.0,0.0,0.0,0.0,0.0,0.0,0.0,0.0,0.0,0.0,0.0,0.0,6398.0,0.0,0.0,0.0,0.0,0.0,0.0,0.0,0.0,0.0,0.0,0.0,0.0,0.0,0.0,0.0,0.0,0.0,0.0,0.0
